NodeID_A,longitude_A,latitude_A,type_A,NodeID_B,longitude_B,latitude_B,type_B,A,NE
1590767,132.37992,388.568463,H,23287506,132.375863,388.578306,J,1,99885227
23287506,132.375863,388.578306,J,8258005,132.377391,388.578911,J,1,99885225
23059755,132.36645,388.58711,J,19279496,132.370221,388.585571,J,1,99511002
23059755,132.36645,388.58711,J,1588577,132.36827,388.58507,J,1,99511001
22907266,132.474645,388.574828,J,1587616,132.47613,388.58045,H,1,99132517
2362226,132.471961,388.571021,J,22907266,132.474645,388.574828,J,1,99132516
1846541,132.499664,388.515629,J,22809613,132.501771,388.511906,J,1,98932819
22619585,132.334361,388.568901,J,22619768,132.336934,388.569909,J,1,98615436
14836549,132.333194,388.569791,J,22619585,132.334361,388.568901,J,1,98615419
22568653,132.311483,388.596567,J,1589958,132.305041,388.604521,H,1,98009923
22068361,132.370231,388.561203,J,7634474,132.36703,388.56573,J,1,95961200
1589387,132.29791,388.56569,H,1590364,132.364301,388.544118,H,10,95706692
15412214,132.527481,388.532911,J,21615126,132.528871,388.540411,J,1,95581340
3551385,132.52761,388.55089,J,21615126,132.528871,388.540411,J,1,95581334
21906217,132.418006,388.510314,J,8320465,132.42447,388.50823,J,1,95581330
14160317,132.397811,388.516841,J,21906217,132.418006,388.510314,J,1,95581329
5524405,132.604701,388.481231,J,4036448,132.55129,388.50483,J,1,95581323
21881299,132.374666,388.592475,J,1589376,132.374666,388.592475,H,1,95531052
1590570,132.37607,388.59264,J,21881299,132.374666,388.592475,J,1,95531051
21742184,132.390171,388.556711,J,18379268,132.39026,388.55871,J,1,95090343
21444411,132.418203,388.544927,J,21444416,132.421723,388.537989,J,1,94362390
14924629,132.375531,388.562921,J,1590767,132.37992,388.568463,H,1,93174248
1588577,132.36827,388.58507,J,19279496,132.370221,388.585571,J,1,93174213
7602521,132.375231,388.586301,H,19279496,132.370221,388.585571,J,1,93174209
20777908,132.359123,388.566927,J,14856814,132.36105,388.56956,J,1,92806228
2158693,132.409071,388.508261,J,20746437,132.404101,388.52327,J,1,92745477
20746437,132.404101,388.52327,J,2101906,132.405798,388.520179,J,1,92745474
20746436,132.37716,388.55898,J,8320477,132.37888,388.56079,J,0.1,92745464
2682108,132.429601,388.572301,J,20663431,132.441258,388.571876,J,1,92340200
1590767,132.37992,388.568463,H,5524412,132.353082,388.574886,H,1,92238676
20204352,132.343828,388.570525,J,18625735,132.34741,388.57336,J,1,91050833
20120526,132.372757,388.558387,J,17820900,132.373791,388.557321,J,1,90789656
20120526,132.372757,388.558387,J,8320477,132.37888,388.56079,J,0.1,90789655
20120522,132.356061,388.601298,J,18221420,132.364953,388.599691,J,10,90789648
14836550,132.354389,388.595704,J,20120522,132.356061,388.601298,J,10,90789647
20005460,132.496633,388.561152,J,1587616,132.47613,388.58045,H,1,90546639
15000852,132.368511,388.591434,J,18314758,132.36546,388.59385,J,1,90506018
4110005,132.310081,388.530391,J,19984719,132.304201,388.544245,J,1,90506013
19693256,132.328307,388.527234,J,4110005,132.310081,388.530391,J,1,89812801
8403034,132.374232,388.573277,J,19386191,132.377254,388.571025,J,1,88943558
3358091,132.347201,388.54215,J,1590018,132.35736,388.54121,J,0.1,88809108
19336044,132.478263,388.514197,J,1588405,132.451917,388.509733,H,1,88809105
1590730,132.478811,388.518841,J,19336044,132.478263,388.514197,J,1,88809104
1588362,132.433681,388.558991,J,1588393,132.46058,388.57363,J,1,88101617
1588393,132.46058,388.57363,J,1587616,132.47613,388.58045,H,1,88101610
3551378,132.456581,388.564391,J,13724169,132.469681,388.578971,J,1,88101609
15166171,132.418811,388.530831,J,19229440,132.418765,388.537216,J,1,88038627
19090267,132.361962,388.592133,J,18221107,132.35399,388.59077,J,1,87464038
19090267,132.361962,388.592133,J,18314758,132.36546,388.59385,J,1,87464034
18979140,132.330717,388.569959,J,14836549,132.333194,388.569791,J,1,87266076
15412302,132.472981,388.517431,J,15412217,132.491701,388.516271,J,1,85286488
1845666,132.491384,388.50978,H,18625736,132.493341,388.509451,J,1,85235377
8205417,132.396494,388.576767,J,18379269,132.40242,388.57176,J,1,85235375
7630949,132.402765,388.57178,J,18379269,132.40242,388.57176,J,1,85235374
18379268,132.39026,388.55871,J,2061873,132.39026,388.55871,H,1,85235364
5135649,132.380385,388.559071,J,18379268,132.39026,388.55871,J,1,85235345
18379266,132.387301,388.568001,J,1590767,132.37992,388.568463,H,1,85235322
5633500,132.351841,388.579311,J,18314762,132.34978,388.58127,J,1,85235299
8320462,132.353726,388.580766,J,18314762,132.34978,388.58127,J,1,85235298
18221107,132.35399,388.59077,J,10515693,132.35369,388.58738,H,1,85235292
18314761,132.372901,388.591101,J,1589376,132.374666,388.592475,H,1,85235288
18314760,132.371601,388.592401,J,18314761,132.372901,388.591101,J,1,85235286
8440575,132.369281,388.591235,J,18314760,132.371601,388.592401,J,1,85235280
18314758,132.36546,388.59385,J,8440575,132.369281,388.591235,J,1,85235278
1847043,132.35676,388.59323,J,18221107,132.35399,388.59077,J,1,85235276
14836550,132.354389,388.595704,J,18221107,132.35399,388.59077,J,1,85235268
18208229,132.35492,388.58186,J,1588142,132.35369,388.58738,H,1,85235222
18208229,132.35492,388.58186,J,1845123,132.353804,388.581565,J,1,85235205
8440576,132.357151,388.583662,J,18208229,132.35492,388.58186,J,10,85235201
18221417,132.349701,388.59181,J,18221966,132.34537,388.58987,J,1,85235191
18221966,132.34537,388.58987,J,18221112,132.347482,388.588786,J,1,85235172
18221112,132.347482,388.588786,J,8157044,132.35369,388.58738,J,10,85235169
8157044,132.35369,388.58738,J,1589347,132.35369,388.58738,H,1,85235168
7602520,132.345304,388.589074,J,18221966,132.34537,388.58987,J,1,85235166
9122816,132.350174,388.589598,J,18221417,132.349701,388.59181,J,1,85235161
1847066,132.49171,388.50678,J,1588405,132.451917,388.509733,H,1,85235147
18625736,132.493341,388.509451,J,17168113,132.491513,388.508646,J,1,85235146
2682268,132.347057,388.588844,J,18221112,132.347482,388.588786,J,1,85235138
9122816,132.350174,388.589598,J,18221112,132.347482,388.588786,J,1,85235132
2101918,132.35983,388.570066,J,18208258,132.354441,388.571981,J,1,85235128
14856814,132.36105,388.56956,J,18208258,132.354441,388.571981,J,1,85235127
14856814,132.36105,388.56956,J,7634474,132.36703,388.56573,J,1,85235126
7634474,132.36703,388.56573,J,18221971,132.36893,388.56457,J,1,85235125
17959477,132.356441,388.576518,J,17922888,132.360401,388.57419,J,1,82126877
17922888,132.360401,388.57419,J,17959480,132.36483,388.57091,J,1,82126876
17922886,132.36874,388.56827,J,17959480,132.36483,388.57091,J,1,82126872
8382668,132.370761,388.566161,J,17922886,132.36874,388.56827,J,10,82126871
17922884,132.37267,388.56422,J,8382668,132.370761,388.566161,J,10,82126862
14924629,132.375531,388.562921,J,17922884,132.37267,388.56422,J,1,82126859
2508733,132.36076,388.573841,J,17922888,132.360401,388.57419,J,1,81988223
2830445,132.368165,388.557755,J,17820900,132.373791,388.557321,J,1,81694447
17548796,132.35017,388.588401,J,1847179,132.350717,388.588355,J,1,81157583
13823773,132.350141,388.589312,J,17548796,132.35017,388.588401,J,1,81157577
13823800,132.350141,388.589312,J,17548796,132.35017,388.588401,J,1,81157576
17168113,132.491513,388.508646,J,1847066,132.49171,388.50678,J,1,72233675
1589587,132.45434,388.53105,J,8365151,132.457901,388.515461,J,1,72107260
16053874,132.35369,388.58738,J,10515693,132.35369,388.58738,H,1,70782911
12692415,132.467118,388.525345,J,15412302,132.472981,388.517431,J,1,70054442
15348198,132.400591,388.521511,J,1845623,132.40177,388.51937,J,1,70054428
15074088,132.38487,388.52379,J,3069372,132.371359,388.512885,J,1,70054364
15521431,132.336791,388.528251,J,15521433,132.351737,388.528024,J,10,70054320
15412217,132.491701,388.516271,J,1845666,132.491384,388.50978,H,1,70054276
15074096,132.372081,388.532811,J,15074088,132.38487,388.52379,J,1,67420929
5403286,132.36736,388.57745,J,8403034,132.374232,388.573277,J,1,66717459
8258004,132.359309,388.572309,J,14856814,132.36105,388.56956,J,1,66675986
3358367,132.367626,388.56142,J,14856814,132.36105,388.56956,J,1,66675978
1588405,132.451917,388.509733,H,3605877,132.398613,388.528318,H,1,66427612
1845666,132.491384,388.50978,H,1588405,132.451917,388.509733,H,1,66427610
1587616,132.47613,388.58045,H,2061873,132.39026,388.55871,H,1,66427609
5605548,132.409121,388.579981,J,14227613,132.402331,388.575931,J,1,65141036
1847127,132.395997,388.519429,J,14160317,132.397811,388.516841,J,1,64882714
1847370,132.368601,388.570701,J,5524412,132.353082,388.574886,H,1,64530027
3304543,132.37444,388.57105,J,1847370,132.368601,388.570701,J,1,64530026
4609375,132.37017,388.57601,J,1847149,132.355666,388.57457,J,1,64530025
1587616,132.47613,388.58045,H,13724169,132.469681,388.578971,J,1,63746733
1847208,132.354786,388.588371,J,10515693,132.35369,388.58738,H,1,63719089
1588155,132.29452,388.57461,J,13699352,132.291111,388.569811,J,1,63718979
2101171,132.37545,388.58695,J,1589376,132.374666,388.592475,H,1,63685432
2101970,132.37545,388.58695,J,1847756,132.37433,388.58651,J,1,63685431
2101970,132.37545,388.58695,J,2101171,132.37545,388.58695,J,1,63685430
1847756,132.37433,388.58651,J,7602521,132.375231,388.586301,H,1,63685429
1590570,132.37607,388.59264,J,7602521,132.375231,388.586301,H,1,63515456
13455043,132.31995,388.59055,J,1589958,132.305041,388.604521,H,1,63212845
13455043,132.31995,388.59055,J,10515693,132.35369,388.58738,H,1,63212822
10515693,132.35369,388.58738,H,1589347,132.35369,388.58738,H,1,63031008
1590767,132.37992,388.568463,H,5524412,132.353082,388.574886,H,1,62923499
2568613,132.375231,388.586301,J,7602521,132.375231,388.586301,H,1,62837294
1847137,132.491384,388.50978,J,1846541,132.499664,388.515629,J,1,62562895
13140406,132.594131,388.528221,J,1845666,132.491384,388.50978,H,1,62440914
13122330,132.529191,388.561731,J,13140406,132.594131,388.528221,J,1,62440913
13122327,132.467184,388.556488,J,13122330,132.529191,388.561731,J,1,62440912
10515693,132.35369,388.58738,H,1589347,132.35369,388.58738,H,1,61202932
3605877,132.398613,388.528318,H,1588405,132.451917,388.509733,H,1,60975263
1845666,132.491384,388.50978,H,1587616,132.47613,388.58045,H,1,60975261
1845666,132.491384,388.50978,H,1588405,132.451917,388.509733,H,1,60975260
2061873,132.39026,388.55871,H,1587616,132.47613,388.58045,H,1,60975259
8162167,132.339283,388.585973,J,10642410,132.33715,388.58989,J,1,59616945
7630950,132.337892,388.594395,J,10642410,132.33715,388.58989,J,1,59616940
10515693,132.35369,388.58738,H,1589347,132.35369,388.58738,H,1,59000790
10515693,132.35369,388.58738,H,7602521,132.375231,388.586301,H,1,59000789
1590201,132.35369,388.58738,J,1588142,132.35369,388.58738,H,1,56369813
1588405,132.451917,388.509733,H,8365151,132.457901,388.515461,J,1,56179930
2682074,132.365557,388.559085,J,8403029,132.36459,388.55828,J,1,56179888
1845477,132.374053,388.59151,J,8157040,132.37464,388.59294,J,1,56179847
1846959,132.35307,388.58425,J,8157100,132.354301,388.58497,J,1,56179813
8353888,132.58494,388.52374,J,4036443,132.536401,388.534201,J,1,55645739
2508553,132.379562,388.560384,J,8320477,132.37888,388.56079,J,0.1,55432772
4990572,132.571421,388.501141,J,5403212,132.588571,388.520281,J,1,54637607
4036403,132.51921,388.54247,J,4036443,132.536401,388.534201,J,1,54637605
8157079,132.33932,388.60332,J,1590729,132.339201,388.60629,J,1,54637490
4990572,132.571421,388.501141,J,1590730,132.478811,388.518841,J,1,54637476
2101968,132.367163,388.559727,J,7634474,132.36703,388.56573,J,1,54635887
2508559,132.368206,388.557565,J,7634474,132.36703,388.56573,J,1,54635880
5809488,132.342405,388.591483,J,1847766,132.35435,388.591101,J,0.1,54635415
7602521,132.375231,388.586301,H,1588142,132.35369,388.58738,H,1,54634149
7602521,132.375231,388.586301,H,1588142,132.35369,388.58738,H,1,54634147
1589387,132.29791,388.56569,H,1590364,132.364301,388.544118,H,10,54633507
1846610,132.33262,388.59421,J,5712600,132.338307,388.589679,J,1,54632872
5524419,132.33348,388.595195,J,1847224,132.337089,388.594009,J,1,54631838
1846642,132.33262,388.59421,J,3069371,132.33139,388.59444,J,0.1,54631827
1589958,132.305041,388.604521,H,3069371,132.33139,388.59444,J,0.1,54631818
1587995,132.338681,388.580341,J,1589347,132.35369,388.58738,H,1,54631689
1589347,132.35369,388.58738,H,3500723,132.35051,388.58585,J,1,54628673
1589347,132.35369,388.58738,H,1590201,132.35369,388.58738,J,0.1,54628581
3069367,132.35279,388.58236,J,1588142,132.35369,388.58738,H,1,54628453
1846983,132.35739,388.597311,J,3069368,132.361091,388.599521,J,1,54628450
1588142,132.35369,388.58738,H,1589347,132.35369,388.58738,H,1,54628447
1588347,132.44262,388.56323,J,3551378,132.456581,388.564391,J,1,54628254
1590621,132.491384,388.50978,J,1589793,132.50196,388.51096,J,1,54627938
1847766,132.35435,388.591101,J,1847208,132.354786,388.588371,J,1,54627868
1847137,132.491384,388.50978,J,1590621,132.491384,388.50978,J,1,54627427
2158693,132.409071,388.508261,J,2809705,132.39443,388.50815,J,1,54627269
1589376,132.374666,388.592475,H,1845477,132.374053,388.59151,J,1,54627014
1590621,132.491384,388.50978,J,1845666,132.491384,388.50978,H,1,54626696
1846610,132.33262,388.59421,J,1846642,132.33262,388.59421,J,1,54626552
83440509, , ,J,18625735,132.34741,388.57336,J,1,202108218
84942499, , ,J,15650719,132.293078,388.607479,J,1,201938266
84942499, , ,J,59018596,132.305041,388.604521,J,1,201938265
84024004, , ,J,65768369,132.36016,388.59285,J,0.1,201802842
84809155, , ,J,73108870, , ,J,1,201648148
64025981,132.398613,388.528318,H,1587748,132.40674,388.52661,J,1,201138287
63780554, , ,J,58613117,132.550074,388.549392,J,1,201137595
2062450,132.431637,388.534673,J,64025982,132.451917,388.509733,H,10,201137594
64025982,132.451917,388.509733,H,1847323,132.43549,388.49682,J,1,201137593
64025982,132.451917,388.509733,H,19386192,132.428817,388.505885,J,1,201137592
64025982,132.451917,388.509733,H,57451610,132.450631,388.494512,J,1,201137591
64025982,132.451917,388.509733,H,36372855,132.451917,388.509733,J,1,201137590
64025982,132.451917,388.509733,H,19135068,132.449588,388.511926,J,1,201137589
2062450,132.431637,388.534673,J,64025981,132.398613,388.528318,H,0.1,201137588
64025981,132.398613,388.528318,H,15348198,132.400591,388.521511,J,1,201137587
64025981,132.398613,388.528318,H,1847127,132.395997,388.519429,J,1,201137586
64025981,132.398613,388.528318,H,24482520,132.398613,388.528318,J,1,201137585
64025981,132.398613,388.528318,H,40562866,132.422228,388.529715,J,1,201137584
61126350,132.431511,388.547731,J,2061873,132.39026,388.55871,H,1,200892817
80753398,132.553556,388.544489,J,63780554, , ,J,1,200892814
84121588,132.367564,388.578111,J,45921962,132.353082,388.574886,H,1,200581839
84024004, , ,J,65768369,132.36016,388.59285,J,0.1,200415158
83976883,132.386865,388.581388,J,24985217,132.394438,388.580228,J,1,200356623
71934672,132.50405,388.50679,J,1590621,132.491384,388.50978,J,1,200356597
71934672,132.50405,388.50679,J,1589793,132.50196,388.51096,J,1,200186306
71934672,132.50405,388.50679,J,22809613,132.501771,388.511906,J,1,200186305
83440509, , ,J,39069790,132.34838,388.56988,J,1,199634564
82788581, , ,J,36579943,132.524511,388.503831,J,1,198561559
82788581, , ,J,36579943,132.524511,388.503831,J,1,198561558
82571022, , ,J,24521445,132.322291,388.570781,J,0.1,198265509
31997482, , ,J,82571022, , ,J,0.1,198265508
31318147,132.364075,388.55273,J,48001272,132.364301,388.544118,H,10,198114234
76374981,132.366456,388.557769,J,31318147,132.364075,388.55273,J,10,198114231
76374981,132.366456,388.557769,J,59399478,132.364044,388.561002,J,10,198114229
19361014,132.359061,388.560475,J,59399478,132.364044,388.561002,J,10,198114224
19361014,132.359061,388.560475,J,72055754,132.330878,388.565768,J,10,198114223
42333390,132.320021,388.561188,J,72055754,132.330878,388.565768,J,10,198114221
42333390,132.320021,388.561188,J,48001271,132.29791,388.56569,H,10,198114220
17820900,132.373791,388.557321,J,40562845,132.36996,388.54843,J,10,197930384
25053255,132.35304,388.58408,J,36589357,132.35369,388.58738,G,1,197930338
17526619,132.35002,388.58758,J,25053255,132.35304,388.58408,J,10,197930337
17526619,132.35002,388.58758,J,78216724,132.34384,388.58444,J,10,197930334
45921962,132.353082,388.574886,H,78216724,132.34384,388.58444,J,10,197930332
45921962,132.353082,388.574886,H,40562845,132.36996,388.54843,J,10,197930330
15521433,132.351737,388.528024,J,19090266,132.364012,388.526781,J,10,197850452
15390335, , ,J,51250763,132.367649,388.523069,J,1,197850451
12656044,132.37715,388.55393,J,17820900,132.373791,388.557321,J,1,197850449
12656044,132.37715,388.55393,J,8320477,132.37888,388.56079,J,0.1,197850448
38294370, , ,J,8320477,132.37888,388.56079,J,0.1,197850447
38294370, , ,J,40745382,132.37992,388.568463,J,10,197850446
40745382,132.37992,388.568463,J,45921963,132.37992,388.568463,H,10,197850443
62858510,132.365555,388.591783,J,45965650,132.374666,388.592475,H,0.1,197734391
17548795,132.36001,388.58668,J,62858510,132.365555,388.591783,J,10,197734389
19229441,132.360573,388.589184,J,17548795,132.36001,388.58668,J,10,197681317
73258356,132.363139,388.572286,J,45921962,132.353082,388.574886,H,1,197681299
22568650,132.36338,388.579401,J,73258356,132.363139,388.572286,J,10,197681298
1590010,132.37077,388.57791,J,22568650,132.36338,388.579401,J,1,197681293
23365882,132.37125,388.57583,J,1590010,132.37077,388.57791,J,10,197681292
1589388,132.37581,388.57422,J,23365882,132.37125,388.57583,J,10,197681291
1589388,132.37581,388.57422,J,45921963,132.37992,388.568463,H,10,197681281
1589584,132.358827,388.591623,J,19229441,132.360573,388.589184,J,10,197424335
1589584,132.358827,388.591623,J,8403037,132.357301,388.59042,J,10,197424334
8403037,132.357301,388.59042,J,36589357,132.35369,388.58738,G,1,197424330
23552198,132.36099,388.57866,J,1588142,132.35369,388.58738,H,1,197424327
23552198,132.36099,388.57866,J,23763772,132.361996,388.581313,J,10,197424319
23763772,132.361996,388.581313,J,23763771,132.35992,388.58308,J,1,197424318
23763771,132.35992,388.58308,J,22501569,132.358581,388.587641,J,10,197424317
22501569,132.358581,388.587641,J,1589347,132.35369,388.58738,H,1,197424316
64379818,132.344899,388.586779,J,57494693,132.34784,388.58569,J,10,197086385
24313533,132.342077,388.587376,J,64379818,132.344899,388.586779,J,10,197086384
71934672,132.50405,388.50679,J,25407307,132.50405,388.50679,J,1,196972739
25407307,132.50405,388.50679,J,1589415,132.47684,388.53798,J,0.1,196972738
19440399,132.523128,388.554171,J,45876972,132.529191,388.561731,H,1,196972736
48754945,132.467184,388.556488,H,1589415,132.47684,388.53798,J,0.1,196890284
26667712,132.479231,388.576391,J,1587616,132.47613,388.58045,H,1,196889802
2809764,132.482951,388.569851,J,26667712,132.479231,388.576391,J,1,196889801
1590765,132.480581,388.557101,J,2809764,132.482951,388.569851,J,1,196889800
41070814, , ,J,1590765,132.480581,388.557101,J,1,196889799
35319224,132.472271,388.552789,J,41070814, , ,J,1,196889798
36775556,132.448489,388.533139,J,35319224,132.472271,388.552789,J,1,196889797
41070814, , ,J,36775556,132.448489,388.533139,J,1,196889796
36775556,132.448489,388.533139,J,45876971,132.41541,388.54798,H,1,196889795
59317786,132.317738,388.575572,J,64745753,132.325294,388.573927,J,1,196250896
27094585,132.340533,388.586257,J,24313533,132.342077,388.587376,J,10,196250892
57494694,132.309631,388.567111,J,24521445,132.322291,388.570781,J,0.1,195854229
8157049,132.36692,388.58821,J,1845477,132.374053,388.59151,J,1,195677651
24482525,132.36872,388.586601,J,8157049,132.36692,388.58821,J,1,195677650
10515693,132.35369,388.58738,H,24482525,132.36872,388.586601,J,1,195677649
80753398,132.553556,388.544489,J,58613117,132.550074,388.549392,J,1,195677625
80753398,132.553556,388.544489,J,31327045,132.550387,388.539906,J,1,195677624
80665481, , ,J,19361014,132.359061,388.560475,J,0.1,195590685
79396142, , ,J,49193999,132.334445,388.596408,J,1,195431184
80542503,132.509084,388.573421,J,13724170,132.503301,388.576443,J,1,195262309
80542503,132.509084,388.573421,J,49886619,132.510281,388.575297,J,1,195262308
80318727,132.487328,388.512026,J,1589587,132.45434,388.53105,J,1,194958465
80318727,132.487328,388.512026,J,44688238,132.480678,388.527312,J,1,194958464
79839242,132.337613,388.584909,J,1587995,132.338681,388.580341,J,1,194538887
79839242,132.337613,388.584909,J,36670300,132.33984,388.58152,J,1,194538886
79839243,132.385629,388.559321,J,64075486,132.39026,388.55871,H,1,194538875
79839243,132.385629,388.559321,J,36589356,132.375231,388.586301,G,1,194538871
79878685,132.493168,388.508488,J,17168113,132.491513,388.508646,J,1,194126194
79878686, , ,J,18221966,132.34537,388.58987,J,1,194126192
79632150,132.302824,388.597045,J,59018596,132.305041,388.604521,J,1,193719790
79632156,132.371779,388.585361,J,23287509,132.37294,388.58115,J,1,193719787
79632156,132.371779,388.585361,J,23287506,132.375863,388.578306,J,1,193719784
79632150,132.302824,388.597045,J,23817974,132.292175,388.594124,J,1,193719775
44953327,132.381545,388.518186,J,39512073,132.376701,388.508391,J,1,193719773
44953327,132.381545,388.518186,J,15074088,132.38487,388.52379,J,1,193719772
27061733,132.374913,388.516772,J,44953327,132.381545,388.518186,J,10,193719771
79484143,132.553091,388.544003,J,31327045,132.550387,388.539906,J,1,193333446
79396142, , ,J,24349644,132.33834,388.59487,J,1,193271051
18314761,132.372901,388.591101,J,77134244,132.369338,388.591096,J,1,192705007
77649009,132.525612,388.578801,J,54367949,132.521762,388.575631,J,1,192619217
77162930,132.539323,388.559878,J,45876972,132.529191,388.561731,H,1,192619216
77162930,132.539323,388.559878,J,55123437,132.530151,388.571675,J,1,192619215
45876972,132.529191,388.561731,H,42959947,132.535942,388.570363,J,1,192619214
77649009,132.525612,388.578801,J,78866370,132.525739,388.573401,J,1,192619212
1587616,132.47613,388.58045,H,77649009,132.525612,388.578801,J,1,192619211
22568653,132.311483,388.596567,J,78977939,132.325353,388.597837,J,1,192619209
5524419,132.33348,388.595195,J,78977939,132.325353,388.597837,J,1,192619208
78977937,132.501187,388.501726,J,36579941,132.50561,388.49779,J,1,192619207
78977937,132.501187,388.501726,J,12707480,132.499231,388.501911,J,1,192619206
78977936,132.529878,388.578129,J,62399626,132.517979,388.586535,J,1,192619204
40562874,132.362724,388.595241,J,78977935,132.367684,388.590487,J,1,192619203
1589376,132.374666,388.592475,H,78977935,132.367684,388.590487,J,1,192619202
64075487,132.491384,388.50978,H,4036448,132.55129,388.50483,J,1,192547535
48754945,132.467184,388.556488,H,3551385,132.52761,388.55089,J,1,192547528
42959947,132.535942,388.570363,J,36372856,132.532057,388.578393,J,1,192479378
78866371,132.535153,388.581106,J,77162931,132.530311,388.582774,J,1,192479377
78866369,132.341101,388.594362,J,24349644,132.33834,388.59487,J,1,192479376
78866371,132.535153,388.581106,J,77410399,132.540087,388.582527,J,1,192479373
1587616,132.47613,388.58045,H,44435992,132.528637,388.587801,J,1,192479370
78866370,132.525739,388.573401,J,55123437,132.530151,388.571675,J,1,192479368
54882090,132.520033,388.587789,J,36372856,132.532057,388.578393,J,1,192479367
1590611,132.533027,388.575389,J,45876972,132.529191,388.561731,H,1,192479360
1590611,132.533027,388.575389,J,77162931,132.530311,388.582774,J,1,192479359
78750332,132.400919,388.523792,J,25431775,132.395467,388.528725,J,1,192304919
1847196,132.38021,388.57002,J,1590767,132.37992,388.568463,H,1,192304753
44223692,132.38265,388.56406,J,1847196,132.38021,388.57002,J,1,192304752
78665087,132.384541,388.527221,J,15074088,132.38487,388.52379,J,1,192232860
78665087,132.384541,388.527221,J,15074096,132.372081,388.532811,J,1,192232859
77796243,132.405959,388.516075,J,58421408,132.40467,388.51954,J,1,192232850
78484293, , ,J,47886828,132.410687,388.524844,J,1,192133065
78484293, , ,J,47886828,132.410687,388.524844,J,1,192133064
57015093,132.47111,388.56534,J,23287508,132.470505,388.558751,J,10,191977532
58421429,132.467184,388.556488,J,23287508,132.470505,388.558751,J,10,191977531
78249610,132.350175,388.588304,J,17548796,132.35017,388.588401,J,1,191899372
78249610,132.350175,388.588304,J,17548796,132.35017,388.588401,J,1,191899371
78216725,132.309831,388.545321,J,1590578,132.29791,388.56569,J,1,191828974
78174717,132.461489,388.539771,J,25505672,132.46044,388.542801,J,1,191776367
61126351,132.404996,388.530369,J,78132288,132.408878,388.530665,J,1,191695823
34258157,132.405492,388.525349,J,78132288,132.408878,388.530665,J,1,191695822
12707480,132.499231,388.501911,J,77649006,132.508288,388.495298,J,1,191472478
24349641,132.329571,388.584471,J,49191443,132.343227,388.579588,J,1,191213726
47501157, , ,J,18221112,132.347482,388.588786,J,1,191213725
48719789,132.345386,388.585826,J,18221112,132.347482,388.588786,J,1,191213724
19111892,132.590411,388.530206,J,46205704,132.594131,388.528221,H,1,191213712
8353888,132.58494,388.52374,J,19111892,132.590411,388.530206,J,1,191213707
77796243,132.405959,388.516075,J,76702628,132.435963,388.50074,J,1,191089591
77796244,132.464572,388.564179,J,1588393,132.46058,388.57363,J,1,191089587
77732010,132.506296,388.555769,J,45876972,132.529191,388.561731,H,1,191006663
1588312,132.50089,388.54547,J,77732010,132.506296,388.555769,J,1,191006662
38190895,132.361771,388.539031,J,77694512,132.376307,388.547891,J,1,190952896
77694512,132.376307,388.547891,J,57540166,132.37613,388.54038,J,1,190952893
77694511,132.517861,388.512237,J,17088764,132.503535,388.520492,J,1,190952889
21513129,132.511837,388.507211,J,77694511,132.517861,388.512237,J,1,190952888
77445048,132.477607,388.554808,J,40594380,132.461411,388.546911,J,1,190952882
1589387,132.29791,388.56569,H,1589958,132.305041,388.604521,H,1,190843952
1589387,132.29791,388.56569,H,1589958,132.305041,388.604521,H,1,190843951
1587616,132.47613,388.58045,H,77649012,132.506086,388.573311,J,1,190843948
13724170,132.503301,388.576443,J,77649012,132.506086,388.573311,J,1,190843947
77649006,132.508288,388.495298,J,36579941,132.50561,388.49779,J,1,190843942
77445048,132.477607,388.554808,J,56875744,132.49315,388.55707,J,1,190843010
1587616,132.47613,388.58045,H,77649044,132.455748,388.577741,J,1,190843008
20663431,132.441258,388.571876,J,77649044,132.455748,388.577741,J,1,190843007
77649040,132.311709,388.598383,J,75137674,132.310976,388.595752,H,1,190843001
77649040,132.311709,388.598383,J,48001270,132.305041,388.604521,H,1,190843000
20732828,132.513322,388.569011,J,50183966,132.515686,388.565585,J,1,190435529
20732828,132.513322,388.569011,J,15371684,132.509761,388.581521,J,1,190435528
77410399,132.540087,388.582527,J,77376998,132.533162,388.589828,J,1,190330872
77376999,132.519053,388.584543,J,53588739,132.520832,388.581805,J,1,190330869
19386192,132.428817,388.505885,J,8320465,132.42447,388.50823,J,1,190330863
77376998,132.533162,388.589828,J,44435992,132.528637,388.587801,J,1,190275857
1587616,132.47613,388.58045,H,15371684,132.509761,388.581521,J,1,190275856
77376999,132.519053,388.584543,J,54882090,132.520033,388.587789,J,1,190275855
40665887,132.46522,388.50172,J,64025982,132.451917,388.509733,H,10,190275825
40665887,132.46522,388.50172,J,1587778,132.470201,388.50069,J,0.1,190275822
1587778,132.470201,388.50069,J,50376655,132.475991,388.499377,J,10,190275821
50376655,132.475991,388.499377,J,8374373,132.476421,388.502581,J,10,190275820
8374373,132.476421,388.502581,J,1845597,132.48286,388.50381,J,10,190275819
1845597,132.48286,388.50381,J,1845600,132.47739,388.51132,J,0.1,190275818
1845600,132.47739,388.51132,J,5403050,132.48057,388.50771,J,10,190275817
5403050,132.48057,388.50771,J,64075487,132.491384,388.50978,H,10,190275816
77291194,132.356951,388.594784,J,77321344,132.350913,388.597944,J,1,190120962
77321344,132.350913,388.597944,J,77265258,132.347592,388.598891,J,1,190120959
77291194,132.356951,388.594784,J,74859099,132.36016,388.59285,H,1,190120938
77290968, , ,J,24447141,132.401271,388.585221,J,0.1,190120927
77290968, , ,J,24447141,132.401271,388.585221,J,0.1,190120926
77265258,132.347592,388.598891,J,36589357,132.35369,388.58738,G,1,190015394
72778175,132.550979,388.555761,J,31759835,132.547977,388.560406,J,10,190015392
77265257,132.34833,388.588699,J,18221112,132.347482,388.588786,J,1,190015391
77265257,132.34833,388.588699,J,18221112,132.347482,388.588786,J,1,190015390
31759838,132.543402,388.552736,J,72778175,132.550979,388.555761,J,10,190015387
58613117,132.550074,388.549392,J,31759838,132.543402,388.552736,J,10,190015386
31327045,132.550387,388.539906,J,58613117,132.550074,388.549392,J,1,190015385
7394071,132.542127,388.538597,J,31327045,132.550387,388.539906,J,1,190015384
7394071,132.542127,388.538597,J,46205704,132.594131,388.528221,H,1,190015383
55059743,132.549211,388.528529,J,7394071,132.542127,388.538597,J,1,190015382
72018003,132.539014,388.546988,J,7394071,132.542127,388.538597,J,1,190015381
12692412,132.538431,388.565151,J,45876972,132.529191,388.561731,H,1,190015366
31759835,132.547977,388.560406,J,12692412,132.538431,388.565151,J,10,190015364
36579941,132.50561,388.49779,J,77232434,132.505335,388.502579,J,10,189952354
12707480,132.499231,388.501911,J,77232434,132.505335,388.502579,J,10,189952353
77198605,132.335698,388.634766,J,26080025,132.325461,388.626651,J,1,189832903
77198605,132.335698,388.634766,J,26192205,132.324778,388.63239,J,1,189832902
77134244,132.369338,388.591096,J,8440575,132.369281,388.591235,J,1,189772738
60601881,132.362061,388.536671,J,60601880,132.32259,388.52843,J,10,189772737
48001272,132.364301,388.544118,H,17820902,132.364301,388.544118,J,1,189772736
60601881,132.362061,388.536671,J,17820902,132.364301,388.544118,J,1,189772735
13989347,132.312321,388.535581,J,60601880,132.32259,388.52843,J,10,189620298
60654661,132.313376,388.556275,J,13989347,132.312321,388.535581,J,10,189620297
60654659,132.295221,388.559271,J,60654661,132.313376,388.556275,J,1,189620296
15038073,132.301141,388.559941,J,60654659,132.295221,388.559271,J,10,189620074
60654660,132.30694,388.56149,J,15038073,132.301141,388.559941,J,1,189620073
60654660,132.30694,388.56149,J,48001271,132.29791,388.56569,H,10,189620072
77072123, , ,J,15412307,132.309081,388.571274,J,0.1,189620067
40784897,132.464341,388.553461,J,48754945,132.467184,388.556488,H,1,189513403
17682750,132.457931,388.550071,J,40784897,132.464341,388.553461,J,10,189513398
73147820,132.445308,388.547085,J,17682750,132.457931,388.550071,J,10,189513395
25212868,132.432165,388.543152,J,73147820,132.445308,388.547085,J,10,189513392
8320480,132.41298,388.54014,J,25212868,132.432165,388.543152,J,10,189513391
64075486,132.39026,388.55871,H,8320480,132.41298,388.54014,J,10,189513390
76702628,132.435963,388.50074,J,57451610,132.450631,388.494512,J,1,189175555
76494438,132.352662,388.573338,J,18314763,132.343665,388.572966,J,1,188788186
5633500,132.351841,388.579311,J,76494438,132.352662,388.573338,J,1,188788185
40594380,132.461411,388.546911,J,76256394,132.471748,388.549139,J,1,188501413
76256394,132.471748,388.549139,J,76256395,132.476758,388.550329,J,1,188501406
12692413,132.486211,388.551211,J,76256395,132.476758,388.550329,J,1,188501405
76256393,132.310115,388.557544,J,60654661,132.313376,388.556275,J,1,188501404
76256393,132.310115,388.557544,J,60654660,132.30694,388.56149,J,1,188501403
59399478,132.364044,388.561002,J,4168825,132.366301,388.558449,J,1,188135724
59399478,132.364044,388.561002,J,44435990, , ,J,1,188135723
75981717, , ,J,1847221,132.504101,388.50999,J,0.1,188135722
75981717, , ,J,1847221,132.504101,388.50999,J,0.1,188135721
75981720, , ,J,26113684,132.31622,388.59113,J,0.1,188135717
75981720, , ,J,26113684,132.31622,388.59113,J,0.1,188135716
75462822,132.40468,388.557843,J,1589950,132.404709,388.557807,J,0.1,187410085
71976823,132.35399,388.59077,J,36589357,132.35369,388.58738,G,1,187410082
75137674,132.310976,388.595752,H,75137675,132.313273,388.580108,H,0.1,187044687
45921962,132.353082,388.574886,H,75137675,132.313273,388.580108,H,0.1,187044686
36589357,132.35369,388.58738,G,75137674,132.310976,388.595752,H,1,187044685
8320447,132.39043,388.57406,J,75137672, , ,J,0.1,186941751
51250763,132.367649,388.523069,J,19090266,132.364012,388.526781,J,10,186565784
25431775,132.395467,388.528725,J,61992702,132.39231,388.53407,J,1,186495406
8320451,132.39309,388.52317,J,25431775,132.395467,388.528725,J,1,186495405
61194935,132.39956,388.53375,J,64787844,132.400469,388.531556,J,1,186448869
3605877,132.398613,388.528318,H,64787844,132.400469,388.531556,J,1,186448868
74859099,132.36016,388.59285,H,36589357,132.35369,388.58738,G,1,186362921
45965650,132.374666,388.592475,H,74859099,132.36016,388.59285,H,1,186362920
74718509,132.364601,388.577221,J,5403286,132.36736,388.57745,J,1,186048403
64745754,132.367048,388.574471,J,74718509,132.364601,388.577221,J,1,186048402
74718509,132.364601,388.577221,J,40745374,132.35892,388.57757,J,1,186048400
74607346, , ,J,18625735,132.34741,388.57336,J,1,185837778
74607346, , ,J,18625735,132.34741,388.57336,J,1,185837772
26872865,132.371021,388.519271,J,26872870,132.37159,388.51262,J,1,185733522
8355623,132.50375,388.56056,J,45876972,132.529191,388.561731,H,1,185660543
1590148,132.515973,388.57391,J,8355623,132.50375,388.56056,J,1,185660542
26013303,132.505033,388.500841,J,36579941,132.50561,388.49779,J,1,185660539
26013303,132.505033,388.500841,J,12707480,132.499231,388.501911,J,1,185660538
24447141,132.401271,388.585221,J,1589376,132.374666,388.592475,H,1,185520073
19045546,132.420491,388.550252,J,45876971,132.41541,388.54798,H,1,185520071
18379269,132.40242,388.57176,J,7602521,132.375231,388.586301,H,1,185520070
26872865,132.371021,388.519271,J,51250763,132.367649,388.523069,J,1,185441072
51250763,132.367649,388.523069,J,26872870,132.37159,388.51262,J,1,185441071
25474767,132.51067,388.50343,J,36579941,132.50561,388.49779,J,1,184823629
1847218,132.515144,388.506357,J,25474767,132.51067,388.50343,J,10,184823628
70224116,132.474744,388.521749,J,19336044,132.478263,388.514197,J,1,184823627
17088764,132.503535,388.520492,J,1847218,132.515144,388.506357,J,10,184823626
28732941,132.498861,388.532042,J,17088764,132.503535,388.520492,J,1,184823625
30983899,132.471641,388.540942,J,28732941,132.498861,388.532042,J,10,184823624
40562876,132.46996,388.55421,J,30983899,132.471641,388.540942,J,10,184823623
48754945,132.467184,388.556488,H,40562876,132.46996,388.55421,J,1,184823622
19984714,132.368312,388.559934,J,40745382,132.37992,388.568463,J,10,184762928
64075487,132.491384,388.50978,H,12707480,132.499231,388.501911,J,1,184762926
74023919,132.373662,388.557629,J,20120526,132.372757,388.558387,J,0.1,184533422
74023919,132.373662,388.557629,J,20120526,132.372757,388.558387,J,0.1,184533421
73950070, , ,J,7634474,132.36703,388.56573,J,1,184443221
73860224, , ,J,36372856,132.532057,388.578393,J,1,184259036
73860224, , ,J,36372856,132.532057,388.578393,J,1,184259035
73274406,132.304357,388.595226,J,3662812,132.29046,388.59903,J,1,184189818
22354084,132.466111,388.509408,J,64025982,132.451917,388.509733,H,10,184090901
3134981,132.471261,388.512751,J,22354084,132.466111,388.509408,J,10,184090900
5209158,132.59759,388.50057,J,3134981,132.471261,388.512751,J,10,184090899
4990571,132.591011,388.507831,J,5209158,132.59759,388.50057,J,1,184090893
3606351,132.59276,388.51814,J,4990571,132.591011,388.507831,J,1,184090891
3606351,132.59276,388.51814,J,4036444,132.594131,388.528221,J,1,184090890
4036444,132.594131,388.528221,J,4036439,132.558581,388.516551,J,1,184090888
4036439,132.558581,388.516551,J,73746440,132.521249,388.508696,J,10,184090886
73746440,132.521249,388.508696,J,64075487,132.491384,388.50978,H,10,184090885
73671249, , ,J,23817972,132.310701,388.59483,J,0.1,183981541
73671249, , ,J,23817972,132.310701,388.59483,J,0.1,183981540
31318146,132.468932,388.551625,J,20098860,132.444961,388.557711,J,1,183981536
31318146,132.468932,388.551625,J,59447370,132.454659,388.556117,J,1,183981535
73274406,132.304357,388.595226,J,15412212,132.298411,388.582691,J,1,183304307
73108871, , ,J,24482525,132.36872,388.586601,J,1,183081381
73108871, , ,J,24482525,132.36872,388.586601,J,1,183081380
73108869, , ,J,36372856,132.532057,388.578393,J,1,183081379
73108869, , ,J,36372856,132.532057,388.578393,J,1,183081378
73108870, , ,J,41342541,132.315478,388.580278,J,1,183081377
73108870, , ,J,1589016,132.309962,388.577117,J,1,183081376
44254154,132.304281,388.574703,J,73063239,132.285732,388.581163,J,1,183047372
15412212,132.298411,388.582691,J,73063239,132.285732,388.581163,J,1,183047371
72692541,132.405551,388.550756,J,25212869,132.402417,388.554954,J,1,183047342
66098266,132.446801,388.51437,J,1847342,132.417831,388.520041,J,0.1,182940597
48754945,132.467184,388.556488,H,59447370,132.454659,388.556117,J,1,182940596
72820721,132.548607,388.531979,J,31327045,132.550387,388.539906,J,1,182698953
72820721,132.548607,388.531979,J,55059743,132.549211,388.528529,J,1,182698952
64025979,132.538916,388.497975,J,10544775,132.54431,388.51135,J,1,182698948
72778174,132.596179,388.493491,J,5209158,132.59759,388.50057,J,1,182624987
4036403,132.51921,388.54247,J,63826384,132.540861,388.525605,J,1,182624984
72692541,132.405551,388.550756,J,21444411,132.418203,388.544927,J,1,182452798
19984714,132.368312,388.559934,J,17820900,132.373791,388.557321,J,1,182452773
72618748,132.392341,388.578245,J,8205417,132.396494,388.576767,J,0.1,182356086
72618748,132.392341,388.578245,J,8205417,132.396494,388.576767,J,0.1,182356085
72543972,132.47745,388.509372,J,1845600,132.47739,388.51132,J,0.1,182274171
72543972,132.47745,388.509372,J,1845600,132.47739,388.51132,J,0.1,182274170
72508176,132.356955,388.579976,J,61992703,132.354823,388.578156,J,1,182226027
8162169,132.35312,388.57697,J,45921962,132.353082,388.574886,H,1,182226024
72508176,132.356955,388.579976,J,36589357,132.35369,388.58738,G,1,182226019
72304399, , ,J,8320477,132.37888,388.56079,J,0.1,181842848
72304399, , ,J,8320477,132.37888,388.56079,J,0.1,181842847
50183966,132.515686,388.565585,J,19440399,132.523128,388.554171,J,10,181706942
49462700,132.542413,388.572383,J,42959947,132.535942,388.570363,J,1,181706937
36589356,132.375231,388.586301,G,45965650,132.374666,388.592475,H,0.1,181520117
72055753, , ,J,71976823,132.35399,388.59077,J,0.1,181520111
72055753, , ,J,71976823,132.35399,388.59077,J,0.1,181520110
1587616,132.47613,388.58045,H,72018004,132.492715,388.580498,J,10,181461157
59399479,132.498471,388.572761,J,72018004,132.492715,388.580498,J,10,181461156
7394069,132.536311,388.554911,J,72018003,132.539014,388.546988,J,1,181461134
72018005,132.388842,388.556742,J,51985242,132.38648,388.554352,J,1,181461127
72018005,132.388842,388.556742,J,30829916,132.38552,388.56311,J,1,181461124
71976823,132.35399,388.59077,J,71976822,132.354389,388.595704,J,10,181334764
71976822,132.354389,388.595704,J,45965650,132.374666,388.592475,H,0.1,181334761
5403116,132.432891,388.529771,J,40784899,132.429577,388.536976,J,1,181276319
10689561,132.434629,388.537765,J,5403116,132.432891,388.529771,J,1,181276317
7590279,132.360131,388.597801,J,43423682,132.35264,388.59365,J,1,181276300
64075483,132.359773,388.597328,J,7590279,132.360131,388.597801,J,1,181276296
71867770,132.393467,388.574997,J,8320447,132.39043,388.57406,J,1,181164339
71867769,132.461714,388.557186,J,48754945,132.467184,388.556488,H,1,181164338
12692415,132.467118,388.525345,J,71867769,132.461714,388.557186,J,1,181164337
40909989,132.350231,388.583981,J,36589357,132.35369,388.58738,G,1,180926984
40909989,132.350231,388.583981,J,18998674,132.33553,388.57658,J,1,180926981
3662812,132.29046,388.59903,J,15412212,132.298411,388.582691,J,1,180926976
12656051,132.303361,388.585191,J,31327044,132.293284,388.587444,J,1,180926975
15390346,132.301981,388.593895,J,48001270,132.305041,388.604521,H,1,180926973
64862529,132.315058,388.594775,J,15390346,132.301981,388.593895,J,10,180926972
45462261,132.330069,388.592088,J,36589357,132.35369,388.58738,G,1,180926968
36579943,132.524511,388.503831,J,4036438,132.531671,388.525241,J,1,180665535
1587616,132.47613,388.58045,H,22501572,132.519575,388.558784,J,1,180665531
58613116,132.524834,388.568044,J,22501572,132.519575,388.558784,J,1,180665530
54882089,132.313273,388.580108,J,45921962,132.353082,388.574886,H,1,180665519
71552031,132.310976,388.595752,J,54882089,132.313273,388.580108,J,1,180665518
71552031,132.310976,388.595752,J,36589357,132.35369,388.58738,G,1,180661434
71552030,132.359841,388.593951,J,39018502,132.359841,388.593951,J,1,180661426
64075483,132.359773,388.597328,J,71552030,132.359841,388.593951,J,1,180661425
71515169,132.34741,388.57336,J,18314763,132.343665,388.572966,J,1,180543555
45921962,132.353082,388.574886,H,71515169,132.34741,388.57336,J,10,180543554
25634769,132.529191,388.561731,J,3551386,132.535031,388.545911,J,1,180373879
42879586, , ,J,3551386,132.535031,388.545911,J,1,180373878
42879586, , ,J,3551386,132.535031,388.545911,J,1,180373877
59447371,132.508671,388.570501,J,15371684,132.509761,388.581521,J,1,180373873
1588734,132.49717,388.51201,J,1847221,132.504101,388.50999,J,0.1,180373870
1587925,132.50511,388.50728,J,1847221,132.504101,388.50999,J,0.1,180373869
11691612,132.500021,388.513911,J,48754945,132.467184,388.556488,H,1,180373868
1588734,132.49717,388.51201,J,11691612,132.500021,388.513911,J,1,180373867
3069372,132.371359,388.512885,J,26872870,132.37159,388.51262,J,1,180373849
1587925,132.50511,388.50728,J,7630879,132.505199,388.50799,J,0.1,180373848
1587925,132.50511,388.50728,J,7630879,132.505199,388.50799,J,0.1,180373847
1587925,132.50511,388.50728,J,1845666,132.491384,388.50978,H,1,180373846
1587925,132.50511,388.50728,J,13715470,132.512952,388.508593,J,1,180373845
1845666,132.491384,388.50978,H,60081910,132.492903,388.507241,J,1,180373842
25407310,132.49577,388.50396,J,60081910,132.492903,388.507241,J,1,180373841
15074090,132.459971,388.501031,J,15074086,132.452671,388.500781,J,1,180373838
15074086,132.452671,388.500781,J,15055924,132.447011,388.505911,J,1,180373837
15074090,132.459971,388.501031,J,21513102,132.489015,388.501206,J,1,180373835
15055924,132.447011,388.505911,J,1588405,132.451917,388.509733,H,1,180373832
3551386,132.535031,388.545911,J,4036438,132.531671,388.525241,J,1,180373825
48719782, , ,J,1589415,132.47684,388.53798,J,0.1,180057506
48719782, , ,J,1589415,132.47684,388.53798,J,0.1,180057505
57540167,132.312264,388.57876,J,1590578,132.29791,388.56569,J,1,180057499
66410284,132.320568,388.546231,J,1587975,132.31854,388.55434,J,1,179991161
54183239,132.309858,388.545024,J,1587975,132.31854,388.55434,J,1,179991160
8157077,132.313981,388.560911,J,1587975,132.31854,388.55434,J,1,179991159
1844493,132.319306,388.53889,J,3304585,132.36609,388.53646,J,1,179991156
54183239,132.309858,388.545024,J,1844493,132.319306,388.53889,J,1,179991155
3304585,132.36609,388.53646,J,1590364,132.364301,388.544118,H,10,179991143
51417393,132.365585,388.530071,J,3304585,132.36609,388.53646,J,1,179991141
1845626,132.497571,388.518801,J,4235605,132.498345,388.509425,J,1,179990866
1845666,132.491384,388.50978,H,4235605,132.498345,388.509425,J,1,179990865
69476280,132.337371,388.610352,J,48001270,132.305041,388.604521,H,1,179743182
69476280,132.337371,388.610352,J,65459574,132.343471,388.598029,J,10,179743180
58334087,132.340747,388.597269,J,65459574,132.343471,388.598029,J,10,179743175
58334087,132.340747,388.597269,J,36589357,132.35369,388.58738,G,1,179742731
24521449,132.416251,388.583981,J,70867259,132.400441,388.582618,J,1,179551963
24985217,132.394438,388.580228,J,70867259,132.400441,388.582618,J,1,179551962
70753755,132.510358,388.586105,J,1590148,132.515973,388.57391,J,1,179551940
70753755,132.510358,388.586105,J,1590148,132.515973,388.57391,J,1,179551939
44573518,132.370107,388.526051,J,19916799,132.376957,388.525687,J,1,179551938
65329996,132.361291,388.531421,J,44573518,132.370107,388.526051,J,1,179551937
15365625,132.578811,388.510511,J,4990571,132.591011,388.507831,J,1,179551923
5209155,132.589891,388.538741,J,3606351,132.59276,388.51814,J,1,179363194
5209155,132.589891,388.538741,J,4036444,132.594131,388.528221,J,1,179363184
15365625,132.578811,388.510511,J,4036439,132.558581,388.516551,J,1,179363180
3304543,132.37444,388.57105,J,44223692,132.38265,388.56406,J,1,179309120
18221971,132.36893,388.56457,J,18221100,132.384081,388.568531,J,10,179309080
22068361,132.370231,388.561203,J,18221971,132.36893,388.56457,J,1,179309079
70523787,132.365922,388.537564,J,60601881,132.362061,388.536671,J,1,179132360
70523787,132.365922,388.537564,J,17820902,132.364301,388.544118,J,1,179132359
49886619,132.510281,388.575297,J,1589474,132.51252,388.55214,J,1,179088608
41070816,132.508564,388.537986,J,1589474,132.51252,388.55214,J,1,179088607
7630946,132.46511,388.500797,J,1587778,132.470201,388.50069,J,0.1,179088133
3069360,132.467341,388.496601,J,1587778,132.470201,388.50069,J,0.1,179088131
70438741,132.373259,388.590154,J,31589532,132.369685,388.582415,J,1,179035593
70438741,132.373259,388.590154,J,1589376,132.374666,388.592475,H,1,179035592
41070816,132.508564,388.537986,J,1845626,132.497571,388.518801,J,1,179035587
70224116,132.474744,388.521749,J,1590730,132.478811,388.518841,J,1,178757235
61992702,132.39231,388.53407,J,69536521,132.380135,388.531842,J,1,178051882
66365856,132.290816,388.616638,J,1589958,132.305041,388.604521,H,1,177881545
3662812,132.29046,388.59903,J,66365856,132.290816,388.616638,J,1,177881544
50974478,132.369334,388.581554,J,23287509,132.37294,388.58115,J,1,177841934
50974478,132.369334,388.581554,J,23287506,132.375863,388.578306,J,1,177841933
31327044,132.293284,388.587444,J,2830480,132.292781,388.582261,J,1,177841932
69246512,132.527634,388.576634,J,53588739,132.520832,388.581805,J,1,177699679
69246512,132.527634,388.576634,J,36372856,132.532057,388.578393,J,1,177699678
1590018,132.35736,388.54121,J,38190895,132.361771,388.539031,J,10,177319248
3358091,132.347201,388.54215,J,57540166,132.37613,388.54038,J,1,177319247
49849062,132.453638,388.559283,J,1588393,132.46058,388.57363,J,1,177160189
49849062,132.453638,388.559283,J,19045546,132.420491,388.550252,J,1,177160188
25634762,132.37788,388.58946,J,1589376,132.374666,388.592475,H,1,177030678
38373891,132.383595,388.506113,J,58421408,132.40467,388.51954,J,1,176962069
8162167,132.339283,388.585973,J,10642410,132.33715,388.58989,J,1,176871088
63227350,132.427953,388.533486,J,40562866,132.422228,388.529715,J,1,176530189
48719780, , ,J,1847763,132.40221,388.54098,J,0.1,176390746
48719780, , ,J,1847763,132.40221,388.54098,J,0.1,176390745
3605877,132.398613,388.528318,H,1847763,132.40221,388.54098,J,0.1,176390744
1847763,132.40221,388.54098,J,26986541,132.400322,388.559005,J,1,176390743
1847763,132.40221,388.54098,J,14150191,132.398341,388.558011,J,1,176390742
7602521,132.375231,388.586301,H,1846601,132.383351,388.57837,J,1,176390728
1846601,132.383351,388.57837,J,8320447,132.39043,388.57406,J,1,176390727
65768369,132.36016,388.59285,J,1589376,132.374666,388.592475,H,1,176390726
3551374,132.40934,388.58475,J,24447141,132.401271,388.585221,J,0.1,176369464
3551374,132.40934,388.58475,J,2568525,132.409431,388.570031,J,1,176369463
3551374,132.40934,388.58475,J,30953612,132.417691,388.574091,J,1,176369462
2568525,132.409431,388.570031,J,18379269,132.40242,388.57176,J,1,176369461
2568525,132.409431,388.570031,J,30953612,132.417691,388.574091,J,1,176369460
8403029,132.36459,388.55828,J,31318147,132.364075,388.55273,J,10,176369457
1589388,132.37581,388.57422,J,2568219,132.373884,388.577136,J,1,176368912
1589388,132.37581,388.57422,J,2568219,132.373884,388.577136,J,1,176368911
1590364,132.364301,388.544118,H,5403256,132.36455,388.51756,J,1,176288688
5403256,132.36455,388.51756,J,22568651,132.359568,388.515558,J,1,176288687
62399626,132.517979,388.586535,J,42959947,132.535942,388.570363,J,1,176288686
2361721,132.35566,388.51863,J,22568651,132.359568,388.515558,J,1,176288685
2361721,132.35566,388.51863,J,1588550,132.34759,388.523801,J,1,176288684
25505673,132.340988,388.525477,J,1588550,132.34759,388.523801,J,1,176288681
1589376,132.374666,388.592475,H,39018502,132.359841,388.593951,J,1,176105188
64075483,132.359773,388.597328,J,7560475,132.35795,388.59564,J,1,176105187
43423682,132.35264,388.59365,J,10515693,132.35369,388.58738,H,1,176105186
41342541,132.315478,388.580278,J,25604448,132.315718,388.586698,J,10,175786889
1589016,132.309962,388.577117,J,41342541,132.315478,388.580278,J,1,175786888
62399652,132.322811,388.590581,J,15145330,132.322811,388.590581,J,0.1,175741848
64745754,132.367048,388.574471,J,40745374,132.35892,388.57757,J,1,175714525
48719781, , ,J,1847342,132.417831,388.520041,J,0.1,175714519
3551398,132.320442,388.581956,J,42501416,132.324403,388.580605,J,1,175714516
57540166,132.37613,388.54038,J,57540168,132.355551,388.532251,J,10,175615175
13715470,132.512952,388.508593,J,44545759,132.494673,388.513441,J,1,175575195
38190895,132.361771,388.539031,J,45921962,132.353082,388.574886,H,1,175465026
27132554,132.359938,388.535252,J,38190895,132.361771,388.539031,J,10,175465023
44688238,132.480678,388.527312,J,1589587,132.45434,388.53105,J,1,175465022
27132554,132.359938,388.535252,J,57540168,132.355551,388.532251,J,10,175465019
2362226,132.471961,388.571021,J,19510775,132.491733,388.546713,J,1,175465018
44688238,132.480678,388.527312,J,1845666,132.491384,388.50978,H,1,175465015
24210799,132.388422,388.544578,J,57540166,132.37613,388.54038,J,1,175465012
24210799,132.388422,388.544578,J,30829915,132.38565,388.54773,J,10,175465010
30829915,132.38565,388.54773,J,51985242,132.38648,388.554352,J,1,175465007
30829916,132.38552,388.56311,J,51985242,132.38648,388.554352,J,1,175465000
30829916,132.38552,388.56311,J,45921963,132.37992,388.568463,H,10,175464995
57494693,132.34784,388.58569,J,36589357,132.35369,388.58738,G,1,175379729
27094585,132.340533,388.586257,J,15038074,132.325371,388.594441,J,10,175379691
24313536,132.32127,388.58544,J,8157078,132.323491,388.575541,J,1,175379688
25604448,132.315718,388.586698,J,24313536,132.32127,388.58544,J,1,175379687
15038074,132.325371,388.594441,J,23817972,132.310701,388.59483,J,0.1,175379683
23817972,132.310701,388.59483,J,48001270,132.305041,388.604521,H,1,175379680
45921963,132.37992,388.568463,H,8162168,132.38055,388.57175,J,10,175268424
57628593,132.38211,388.574601,J,8162168,132.38055,388.57175,J,10,175268423
57628594,132.38873,388.57639,J,57628593,132.38211,388.574601,J,10,175268422
25053254,132.382051,388.583501,J,57628594,132.38873,388.57639,J,10,175268420
25053254,132.382051,388.583501,J,36589356,132.375231,388.586301,G,1,175268419
51985241,132.34526,388.57537,J,18314763,132.343665,388.572966,J,1,175208025
18314762,132.34978,388.58127,J,51985241,132.34526,388.57537,J,10,175208020
57451609,132.351946,388.581895,J,18314762,132.34978,388.58127,J,1,175208019
57451609,132.351946,388.581895,J,36589357,132.35369,388.58738,G,1,175208018
17796432,132.31709,388.56841,J,48001271,132.29791,388.56569,H,10,175070097
17796432,132.31709,388.56841,J,65013717,132.315276,388.570739,J,10,175070091
1589016,132.309962,388.577117,J,65013717,132.315276,388.570739,J,10,175070089
32069176,132.344901,388.59378,J,10515693,132.35369,388.58738,H,1,175070080
49950205,132.341561,388.599827,J,32069176,132.344901,388.59378,J,1,175070079
48001270,132.305041,388.604521,H,25604448,132.315718,388.586698,J,10,175070078
49193999,132.334445,388.596408,J,48001270,132.305041,388.604521,H,1,175070076
24349644,132.33834,388.59487,J,49193999,132.334445,388.596408,J,1,175070075
24349644,132.33834,388.59487,J,21639685,132.33862,388.59249,J,10,174984736
21639685,132.33862,388.59249,J,10642410,132.33715,388.58989,J,1,174984735
36589357,132.35369,388.58738,G,10642410,132.33715,388.58989,J,1,174984713
66223864,132.338357,388.571165,J,23088618,132.342696,388.578392,J,1,174592710
66143388,132.331435,388.577779,J,17796432,132.31709,388.56841,J,1,174460449
42501416,132.324403,388.580605,J,66143388,132.331435,388.577779,J,1,174460448
64862528, , ,J,66098266,132.446801,388.51437,J,0.1,174375377
19135068,132.449588,388.511926,J,66098266,132.446801,388.51437,J,0.1,174375376
64862528, , ,J,66098266,132.446801,388.51437,J,0.1,174375372
1587568,132.43477,388.51224,J,66098266,132.446801,388.51437,J,0.1,174375371
47886828,132.410687,388.524844,J,1587748,132.40674,388.52661,J,1,174375368
1587748,132.40674,388.52661,J,22907269,132.413645,388.532116,J,1,174375367
1847342,132.417831,388.520041,J,1587568,132.43477,388.51224,J,1,174375357
8429672,132.426501,388.516941,J,1587568,132.43477,388.51224,J,1,174375356
8429672,132.426501,388.516941,J,22907269,132.413645,388.532116,J,1,174375349
59399477,132.513101,388.58036,J,59617038,132.506061,388.585571,J,10,174184695
59617038,132.506061,388.585571,J,59399479,132.498471,388.572761,J,10,174184692
1588312,132.50089,388.54547,J,19510775,132.491733,388.546713,J,1,174184686
1590148,132.515973,388.57391,J,51603176,132.514687,388.576669,J,10,174184679
51603176,132.514687,388.576669,J,59399477,132.513101,388.58036,J,10,174184673
18625735,132.34741,388.57336,J,1588142,132.35369,388.58738,H,1,174141816
39018501,132.32477,388.56519,J,39069789,132.33555,388.566896,J,1,174141815
36670305,132.31995,388.59055,J,39018501,132.32477,388.56519,J,1,174141812
59018597,132.331722,388.588534,J,36670305,132.31995,388.59055,J,10,174141810
59018597,132.331722,388.588534,J,1589347,132.35369,388.58738,H,1,174141806
39069790,132.34838,388.56988,J,18625735,132.34741,388.57336,J,1,174141800
39069789,132.33555,388.566896,J,39069790,132.34838,388.56988,J,1,174141792
1590201,132.35369,388.58738,J,64215746,132.359421,388.586199,J,1,174025447
65768369,132.36016,388.59285,J,16053874,132.35369,388.58738,J,1,174025421
58421429,132.467184,388.556488,J,48754945,132.467184,388.556488,H,1,173981817
57015093,132.47111,388.56534,J,25505672,132.46044,388.542801,J,1,173981808
25505672,132.46044,388.542801,J,56927442,132.447021,388.540221,J,10,173981801
56927442,132.447021,388.540221,J,40706892,132.41541,388.54798,J,1,173981795
40706892,132.41541,388.54798,J,64075486,132.39026,388.55871,H,1,173981791
7630942,132.4998,388.515464,J,1588734,132.49717,388.51201,J,1,173833070
7630942,132.4998,388.515464,J,1588734,132.49717,388.51201,J,1,173833069
46114642,132.49121,388.51047,J,1588734,132.49717,388.51201,J,1,173833068
44545759,132.494673,388.513441,J,1588734,132.49717,388.51201,J,1,173833067
4036448,132.55129,388.50483,J,10544775,132.54431,388.51135,J,1,173833055
10544775,132.54431,388.51135,J,15412214,132.527481,388.532911,J,1,173833052
1590578,132.29791,388.56569,J,8157077,132.313981,388.560911,J,0.1,173833049
55273327, , ,J,8157077,132.313981,388.560911,J,0.1,173833047
55273327, , ,J,8157077,132.313981,388.560911,J,0.1,173833046
1589387,132.29791,388.56569,H,1590578,132.29791,388.56569,J,1,173833038
65627863, , ,J,43811573,132.467571,388.557291,J,0.1,173787051
65627863, , ,J,43811573,132.467571,388.557291,J,0.1,173787050
43365085,132.322007,388.558917,J,39018501,132.32477,388.56519,J,1,173488117
18221100,132.384081,388.568531,J,1590767,132.37992,388.568463,H,1,173488097
18221100,132.384081,388.568531,J,3358363,132.360786,388.56834,J,1,173488096
65511738,132.338188,388.571678,J,39069789,132.33555,388.566896,J,1,173488073
65511738,132.338188,388.571678,J,18625735,132.34741,388.57336,J,1,173488066
65511727,132.547951,388.530697,J,31759835,132.547977,388.560406,J,10,173488035
5524412,132.353082,388.574886,H,65329996,132.361291,388.531421,J,1,173312925
31589534,132.361623,388.582033,J,10515693,132.35369,388.58738,H,1,173312917
31589534,132.361623,388.582033,J,45260955,132.362631,388.579791,J,1,173312915
19916799,132.376957,388.525687,J,15412363,132.391321,388.545331,J,1,173208872
15412363,132.391321,388.545331,J,18379266,132.387301,388.568001,J,1,173208871
65283060,132.396494,388.576767,J,2061873,132.39026,388.55871,H,1,173208860
8320447,132.39043,388.57406,J,65283060,132.396494,388.576767,J,1,173208857
45260955,132.362631,388.579791,J,31589532,132.369685,388.582415,J,1,173147737
65060870, , ,J,39018502,132.359841,388.593951,J,1,172950814
65060870, , ,J,39018502,132.359841,388.593951,J,1,172950813
64968836,132.34417,388.580685,J,40562856,132.341461,388.577891,J,1,172804029
15286461,132.342593,388.582207,J,64968836,132.34417,388.580685,J,1,172804028
26296138,132.323519,388.59184,J,64862529,132.315058,388.594775,J,10,172601113
1847195,132.321201,388.60681,J,8320450,132.328518,388.607348,J,1,172440917
54183238,132.342718,388.589463,J,8320450,132.328518,388.607348,J,1,172440916
64745753,132.325294,388.573927,J,24521445,132.322291,388.570781,J,0.1,172440887
1847195,132.321201,388.60681,J,4967234,132.33108,388.614501,J,1,172440886
1847195,132.321201,388.60681,J,41342545,132.31932,388.59757,J,1,172440885
64745755,132.310431,388.570331,J,57329606,132.310431,388.570331,J,1,172440884
64745755,132.310431,388.570331,J,57329606,132.310431,388.570331,J,1,172440883
8419668,132.329201,388.574511,J,18998674,132.33553,388.57658,J,1,172287701
24521445,132.322291,388.570781,J,8419668,132.329201,388.574511,J,10,172287693
57494694,132.309631,388.567111,J,48001271,132.29791,388.56569,H,10,172287676
45462261,132.330069,388.592088,J,26296138,132.323519,388.59184,J,10,172287506
36164234,132.419682,388.526991,J,3605877,132.398613,388.528318,H,1,172143922
60815522,132.418399,388.524445,J,36164234,132.419682,388.526991,J,1,172143921
64354495,132.331591,388.591728,J,10515693,132.35369,388.58738,H,1,171854433
64354495,132.331591,388.591728,J,10515693,132.35369,388.58738,H,1,171854432
57329606,132.310431,388.570331,J,30498380,132.313507,388.581616,J,1,171854420
57329606,132.310431,388.570331,J,61992701,132.310388,388.568546,J,1,171854419
3358388,132.321101,388.58918,J,1589958,132.305041,388.604521,H,1,171854418
3358388,132.321101,388.58918,J,30498379,132.313507,388.581616,J,1,171854417
64075486,132.39026,388.55871,H,36589356,132.375231,388.586301,G,1,171811886
64025981,132.398613,388.528318,H,36589357,132.35369,388.58738,G,1,171811885
1590201,132.35369,388.58738,J,64215746,132.359421,388.586199,J,1,171683636
64215745,132.346702,388.600636,J,32069176,132.344901,388.59378,J,1,171683630
20746437,132.404101,388.52327,J,24482520,132.398613,388.528318,J,1,171683627
20746437,132.404101,388.52327,J,58421408,132.40467,388.51954,J,1,171683626
58421408,132.40467,388.51954,J,57451610,132.450631,388.494512,J,1,171683624
64025982,132.451917,388.509733,H,64025981,132.398613,388.528318,H,0.1,171512534
64075487,132.491384,388.50978,H,48754945,132.467184,388.556488,H,1,171512533
64075487,132.491384,388.50978,H,64025982,132.451917,388.509733,H,10,171512532
64075486,132.39026,388.55871,H,48754945,132.467184,388.556488,H,1,171512531
64075482,132.427641,388.542176,J,21444411,132.418203,388.544927,J,1,171512524
64075482,132.427641,388.542176,J,21444416,132.421723,388.537989,J,1,171512523
64025979,132.538916,388.497975,J,4036448,132.55129,388.50483,J,1,171382764
45921959,132.385548,388.540367,J,17820902,132.364301,388.544118,J,1,171282643
45921959,132.385548,388.540367,J,17820902,132.364301,388.544118,J,1,171282639
40562850, , ,J,45876972,132.529191,388.561731,H,1,171170680
63908754,132.339477,388.590064,J,36589357,132.35369,388.58738,G,1,171165672
63908754,132.339477,388.590064,J,48001270,132.305041,388.604521,H,1,171165671
63826384,132.540861,388.525605,J,4036443,132.536401,388.534201,J,1,171018944
63662183,132.333916,388.594111,J,21881299,132.374666,388.592475,J,1,170793333
63662183,132.333916,388.594111,J,21881299,132.374666,388.592475,J,1,170793332
40562866,132.422228,388.529715,J,40706893,132.42387,388.53376,J,10,170278926
40706893,132.42387,388.53376,J,61476269,132.426121,388.535527,J,10,170278923
61476269,132.426121,388.535527,J,25474773,132.431637,388.534673,J,1,170278921
25018645,132.440361,388.528131,J,25474773,132.431637,388.534673,J,1,170278916
25018645,132.440361,388.528131,J,40784896,132.43219,388.52199,J,10,170278914
36372855,132.451917,388.509733,J,40784896,132.43219,388.52199,J,10,170278910
63227350,132.427953,388.533486,J,25474773,132.431637,388.534673,J,1,168171827
63136913,132.343235,388.569878,J,18625735,132.34741,388.57336,J,1,168108921
63136913,132.343235,388.569878,J,39069789,132.33555,388.566896,J,1,167976556
54562283,132.366339,388.580961,J,23763771,132.35992,388.58308,J,1,167067437
36589357,132.35369,388.58738,G,36589356,132.375231,388.586301,G,1,167067424
26046590,132.305271,388.612131,J,62551058,132.297455,388.616262,J,10,166689089
26046587,132.30836,388.62751,J,62551058,132.297455,388.616262,J,10,166689088
10515693,132.35369,388.58738,H,43811571,132.33977,388.58894,J,1,166689047
51603175,132.31405,388.57029,J,62399652,132.322811,388.590581,J,0.1,166688922
15145330,132.322811,388.590581,J,62399652,132.322811,388.590581,J,0.1,166688921
1589958,132.305041,388.604521,H,62399652,132.322811,388.590581,J,0.1,166688920
62399626,132.517979,388.586535,J,53588739,132.520832,388.581805,J,1,166688910
1589387,132.29791,388.56569,H,61992701,132.310388,388.568546,J,1,165604342
61992703,132.354823,388.578156,J,8162169,132.35312,388.57697,J,1,165604319
1590364,132.364301,388.544118,H,61992702,132.39231,388.53407,J,1,165596542
19693256,132.328307,388.527234,J,61886784,132.382359,388.51378,J,1,165466812
8320451,132.39309,388.52317,J,61886784,132.382359,388.51378,J,1,165466805
8320451,132.39309,388.52317,J,29849356,132.398706,388.538142,J,1,165466802
1845386,132.303435,388.553109,J,19984719,132.304201,388.544245,J,1,165466790
1845386,132.303435,388.553109,J,1589387,132.29791,388.56569,H,1,165466789
12656051,132.303361,388.585191,J,39018499,132.30729,388.59096,J,1,165466778
2830480,132.292781,388.582261,J,2158690,132.30253,388.56795,J,1,165235323
2158690,132.30253,388.56795,J,1589387,132.29791,388.56569,H,1,165235319
3851123,132.469041,388.554321,J,38935568,132.471941,388.553291,J,1,165160491
3851123,132.469041,388.554321,J,38935568,132.471941,388.553291,J,1,165160490
61680650, , ,J,17796432,132.31709,388.56841,J,1,165004315
61680650, , ,J,17796432,132.31709,388.56841,J,1,165004314
48001272,132.364301,388.544118,H,36589356,132.375231,388.586301,G,1,165004286
48001271,132.29791,388.56569,H,48001272,132.364301,388.544118,H,10,164633027
48001270,132.305041,388.604521,H,36589357,132.35369,388.58738,G,1,164633026
48001270,132.305041,388.604521,H,48001271,132.29791,388.56569,H,10,164633025
61193749, , ,J,25474773,132.431637,388.534673,J,1,164073600
61193749, , ,J,25474773,132.431637,388.534673,J,1,164073599
61194940,132.393421,388.549671,J,2061873,132.39026,388.55871,H,1,164073597
20663427,132.402068,388.536004,J,61194940,132.393421,388.549671,J,1,164073596
61194935,132.39956,388.53375,J,18998672,132.405631,388.524709,J,1,164073567
61126351,132.404996,388.530369,J,61194935,132.39956,388.53375,J,1,164073558
61194930,132.40203,388.54891,J,25212869,132.402417,388.554954,J,1,164067595
1589950,132.404709,388.557807,J,61194930,132.40203,388.54891,J,1,164067589
21444411,132.418203,388.544927,J,61194930,132.40203,388.54891,J,1,164067588
61126352,132.37501,388.56784,J,1590767,132.37992,388.568463,H,1,163857285
2100711,132.37387,388.57033,J,61126352,132.37501,388.56784,J,1,163857284
61126351,132.404996,388.530369,J,22761431,132.404966,388.530336,J,0.1,163857272
20663427,132.402068,388.536004,J,61126351,132.404996,388.530369,J,1,163857271
60815523,132.42925,388.53978,J,61126350,132.431511,388.547731,J,1,163857206
19229440,132.418765,388.537216,J,61126350,132.431511,388.547731,J,1,163857204
2100711,132.37387,388.57033,J,25178403,132.37041,388.57276,J,1,163767068
5524412,132.353082,388.574886,H,61087314,132.36531,388.573501,J,1,163767063
61087313,132.36724,388.57278,J,61087314,132.36531,388.573501,J,1,163767060
25178403,132.37041,388.57276,J,61087313,132.36724,388.57278,J,1,163767046
1589739,132.39072,388.53817,J,29849356,132.398706,388.538142,J,1,163767043
7630947,132.307577,388.561326,J,15038073,132.301141,388.559941,J,1,163168045
7630947,132.307577,388.561326,J,15038073,132.301141,388.559941,J,1,163168044
7394069,132.536311,388.554911,J,31759835,132.547977,388.560406,J,10,163074795
10689561,132.434629,388.537765,J,50540931,132.432795,388.540561,J,1,163074756
10689561,132.434629,388.537765,J,40784899,132.429577,388.536976,J,1,163074755
50540931,132.432795,388.540561,J,60815523,132.42925,388.53978,J,1,163074750
56875744,132.49315,388.55707,J,40594380,132.461411,388.546911,J,1,163074749
1845671,132.48639,388.57954,J,1587616,132.47613,388.58045,H,1,163074740
1845671,132.48639,388.57954,J,10689565,132.511661,388.584931,J,1,163074733
10689565,132.511661,388.584931,J,1590027,132.51893,388.56865,J,1,163074732
1590027,132.51893,388.56865,J,45876972,132.529191,388.561731,H,1,163074731
12692413,132.486211,388.551211,J,45876972,132.529191,388.561731,H,1,163074730
60815522,132.418399,388.524445,J,15166171,132.418811,388.530831,J,1,163074728
60815522,132.418399,388.524445,J,54230822,132.417015,388.534364,J,0.1,163074727
60815522,132.418399,388.524445,J,40784899,132.429577,388.536976,J,1,163074666
38538371,132.304693,388.558381,J,60654660,132.30694,388.56149,J,1,162793579
19485691,132.416777,388.550835,J,45876971,132.41541,388.54798,H,1,162681056
60601881,132.362061,388.536671,J,25018706,132.366032,388.539456,J,1,162681050
37018462,132.427223,388.556768,J,19485691,132.416777,388.550835,J,1,162678474
25666588,132.420961,388.563311,J,1590019,132.42124,388.55566,J,1,162678472
1590019,132.42124,388.55566,J,45876971,132.41541,388.54798,H,1,162678471
37018462,132.427223,388.556768,J,1588347,132.44262,388.56323,J,1,162678470
60556594, , ,J,18314758,132.36546,388.59385,J,1,162567216
60556594, , ,J,18314758,132.36546,388.59385,J,1,162565340
26192205,132.324778,388.63239,J,26080025,132.325461,388.626651,J,1,161589998
19793158,132.318225,388.637391,J,26192205,132.324778,388.63239,J,1,161589997
56875745,132.44267,388.55232,J,48754945,132.467184,388.556488,H,1,161404874
4609618,132.43744,388.54573,J,24313535,132.449922,388.550066,J,1,161404871
4609618,132.43744,388.54573,J,25442174,132.427823,388.547168,J,1,161404859
25442174,132.427823,388.547168,J,2061873,132.39026,388.55871,H,1,161404853
59892735, , ,J,40562876,132.46996,388.55421,J,1,160964025
59892735, , ,J,40562876,132.46996,388.55421,J,1,160964023
49657271, , ,J,10642410,132.33715,388.58989,J,1,160297326
17922884,132.37267,388.56422,J,41070822, , ,J,1,160297325
7634474,132.36703,388.56573,J,50376654,132.367481,388.565151,J,1,160297319
18208258,132.354441,388.571981,J,2101918,132.35983,388.570066,J,1,160297309
7634474,132.36703,388.56573,J,2508559,132.368206,388.557565,J,1,160297308
17959480,132.36483,388.57091,J,48719786,132.364252,388.574016,J,1,160297307
3358367,132.367626,388.56142,J,14856814,132.36105,388.56956,J,1,160297306
17526619,132.35002,388.58758,J,44222910,132.351194,388.587503,J,1,160297305
5507469,132.344426,388.572547,J,39226947,132.344101,388.57295,J,1,160226167
18221966,132.34537,388.58987,J,7602520,132.345304,388.589074,J,1,160226155
59447371,132.508671,388.570501,J,50183966,132.515686,388.565585,J,1,160110301
20098860,132.444961,388.557711,J,59447370,132.454659,388.556117,J,1,160110289
8403029,132.36459,388.55828,J,59399478,132.364044,388.561002,J,10,160109999
59317787,132.38949,388.56192,J,2061873,132.39026,388.55871,H,1,159859171
59317785,132.401701,388.56015,J,59317787,132.38949,388.56192,J,1,159859168
1590601,132.394601,388.568001,J,59317785,132.401701,388.56015,J,1,159814700
11691602,132.421951,388.540581,J,59317785,132.401701,388.56015,J,1,159814699
11691602,132.421951,388.540581,J,20098860,132.444961,388.557711,J,1,159733360
11691602,132.421951,388.540581,J,1845614,132.42359,388.54488,J,1,159733358
51459576, , ,J,1590018,132.35736,388.54121,J,0.1,159661786
51459576, , ,J,1590018,132.35736,388.54121,J,0.1,159661785
18221420,132.364953,388.599691,J,59018598,132.36744,388.597959,J,10,159329997
18314758,132.36546,388.59385,J,59018598,132.36744,388.597959,J,10,159329996
59018596,132.305041,388.604521,J,48754941,132.297629,388.612864,J,0.1,159329988
59018596,132.305041,388.604521,J,15650719,132.293078,388.607479,J,1,159329987
48754941,132.297629,388.612864,J,59018596,132.305041,388.604521,J,1,159329986
59018596,132.305041,388.604521,J,17796431,132.288141,388.612166,J,1,159329982
1589958,132.305041,388.604521,H,59018596,132.305041,388.604521,J,1,159329980
58889403,132.380267,388.564221,J,34476317,132.375042,388.559976,J,1,159155656
1590767,132.37992,388.568463,H,58889403,132.380267,388.564221,J,1,159155654
58843526,132.33896,388.59405,J,25604450,132.34012,388.59676,J,1,159091487
54277724,132.33829,388.591401,J,58843526,132.33896,388.59405,J,1,159091483
29924946,132.353581,388.598961,J,58843527,132.345935,388.595798,J,1,159091468
40562875,132.345971,388.600421,J,58843527,132.345935,388.595798,J,1,159091466
58796578, , ,J,10642410,132.33715,388.58989,J,1,159019564
58796578, , ,J,10642410,132.33715,388.58989,J,1,159019563
51459575, , ,J,41342545,132.31932,388.59757,J,1,158809490
51459575, , ,J,41342545,132.31932,388.59757,J,1,158809489
11683977,132.35871,388.59691,J,10515693,132.35369,388.58738,H,1,158672779
25634769,132.529191,388.561731,J,58613116,132.524834,388.568044,J,1,158672748
11683977,132.35871,388.59691,J,48001245,132.360841,388.597721,J,1,158672746
58501065,132.33817,388.59591,J,58501064,132.33833,388.59905,J,1,158553898
56780981,132.361541,388.592241,J,1589376,132.374666,388.592475,H,1,158553896
25604450,132.34012,388.59676,J,58501065,132.33817,388.59591,J,1,158553895
58501064,132.33833,388.59905,J,1589958,132.305041,388.604521,H,1,158553891
17922889,132.342361,388.598511,J,58501064,132.33833,388.59905,J,1,158553890
17144875,132.462545,388.556841,J,58421429,132.467184,388.556488,J,1,158460177
58421429,132.467184,388.556488,J,7630878,132.467738,388.556339,J,1,158460176
58421429,132.467184,388.556488,J,7630878,132.467738,388.556339,J,1,158460175
58192100,132.344048,388.566387,J,39069789,132.33555,388.566896,J,1,158112431
57540166,132.37613,388.54038,J,7630948,132.373575,388.540387,J,1,157125791
57540166,132.37613,388.54038,J,7630948,132.373575,388.540387,J,1,157125790
31997482, , ,J,57494694,132.309631,388.567111,J,0.1,157071815
57451609,132.351946,388.581895,J,8320462,132.353726,388.580766,J,1,156997321
48792410,132.448241,388.493122,J,57451610,132.450631,388.494512,J,1,156997316
48792410,132.448241,388.493122,J,57451610,132.450631,388.494512,J,1,156997315
20959740,132.372801,388.58667,J,18314761,132.372901,388.591101,J,1,156664435
48625753,132.369066,388.570629,J,57146276,132.369066,388.570629,J,1,156542822
57146276,132.369066,388.570629,J,48625753,132.369066,388.570629,J,1,156542821
13699352,132.291111,388.569811,J,1589387,132.29791,388.56569,H,1,156475125
56927440,132.43829,388.55018,J,24313535,132.449922,388.550066,J,1,156145896
56875745,132.44267,388.55232,J,56927440,132.43829,388.55018,J,1,156145894
49193990, , ,J,56875745,132.44267,388.55232,J,0.1,156085416
49193990, , ,J,56875745,132.44267,388.55232,J,0.1,156085415
22568652,132.354959,388.584501,J,10515693,132.35369,388.58738,H,1,156085412
2568524,132.35703,388.58558,J,22568652,132.354959,388.584501,J,1,156085411
20005460,132.496633,388.561152,J,56875744,132.49315,388.55707,J,1,156085401
56780981,132.361541,388.592241,J,48001245,132.360841,388.597721,J,1,155949219
2682274,132.35641,388.58135,J,5359842,132.358693,388.577629,J,1,155796112
2682274,132.35641,388.58135,J,5524412,132.353082,388.574886,H,1,155796103
17959478,132.361961,388.574351,J,5359842,132.358693,388.577629,J,1,155661173
17959478,132.361961,388.574351,J,1590767,132.37992,388.568463,H,1,155661172
21422917,132.338567,388.583032,J,36670300,132.33984,388.58152,J,1,154447959
49191443,132.343227,388.579588,J,21422917,132.338567,388.583032,J,1,154447958
48719791, , ,J,25505676,132.34889,388.57687,J,1,154447956
48719791, , ,J,25505676,132.34889,388.57687,J,1,154380309
45260956,132.312153,388.578258,J,15412307,132.309081,388.571274,J,0.1,154104338
15412307,132.309081,388.571274,J,1589387,132.29791,388.56569,H,1,153944590
27094586,132.320578,388.58811,J,15412307,132.309081,388.571274,J,0.1,153944589
55366631, , ,J,54230822,132.417015,388.534364,J,0.1,153772789
55366631, , ,J,54230822,132.417015,388.534364,J,0.1,153772788
55123437,132.530151,388.571675,J,54367949,132.521762,388.575631,J,1,153500159
54932595,132.321082,388.580866,J,41070817,132.324551,388.583261,J,1,153192299
34476317,132.375042,388.559976,J,15326843,132.370981,388.568071,J,1,153105613
15326843,132.370981,388.568071,J,41070818,132.365148,388.568196,J,1,153105608
41070818,132.365148,388.568196,J,5524412,132.353082,388.574886,H,1,153105606
53588739,132.520832,388.581805,J,54882090,132.520033,388.587789,J,1,153105605
46398149,132.47613,388.58045,J,45876971,132.41541,388.54798,H,1,153105562
53588739,132.520832,388.581805,J,46398149,132.47613,388.58045,J,1,153105561
54562283,132.366339,388.580961,J,23552198,132.36099,388.57866,J,1,152654580
5403212,132.588571,388.520281,J,1845666,132.491384,388.50978,H,1,152596085
4036403,132.51921,388.54247,J,45876972,132.529191,388.561731,H,1,152596079
43608186,132.35763,388.597701,J,2101903,132.35648,388.591401,J,1,152347675
54277724,132.33829,388.591401,J,30498377,132.339477,388.590064,J,1,152218658
54277724,132.33829,388.591401,J,54277723,132.339063,388.590171,J,1,152218656
10515693,132.35369,388.58738,H,54277723,132.339063,388.590171,J,1,152218650
7451894,132.339477,388.590064,J,54277723,132.339063,388.590171,J,1,152218646
54230822,132.417015,388.534364,J,40784899,132.429577,388.536976,J,1,152159058
54183238,132.342718,388.589463,J,10515693,132.35369,388.58738,H,1,152082664
15286458,132.34601,388.58899,J,17548796,132.35017,388.588401,J,1,151697324
26872870,132.37159,388.51262,J,27061733,132.374913,388.516772,J,10,151620802
10515693,132.35369,388.58738,H,16053874,132.35369,388.58738,J,1,151275354
31327045,132.550387,388.539906,J,50080951, , ,J,1,151200906
13122327,132.467184,388.556488,J,48754945,132.467184,388.556488,H,1,150385821
12656044,132.37715,388.55393,J,49193992, , ,J,1,149782752
17922888,132.360401,388.57419,J,2508733,132.36076,388.573841,J,1,149782746
52107250, , ,J,40562875,132.345971,388.600421,J,1,149380318
52107250, , ,J,40562875,132.345971,388.600421,J,1,149280969
19867672,132.386686,388.557918,J,51985242,132.38648,388.554352,J,1,149156769
19867672,132.386686,388.557918,J,30829915,132.38565,388.54773,J,10,149156768
36372855,132.451917,388.509733,J,7630945,132.451999,388.509788,J,1,149156763
18208263,132.313192,388.565843,J,51985243,132.31621,388.56371,J,1,149156762
51603173,132.32324,388.56842,J,51985243,132.31621,388.56371,J,1,149156761
17526619,132.35002,388.58758,J,48719784,132.349344,388.587034,J,1,149156757
5135649,132.380385,388.559071,J,18379268,132.39026,388.55871,J,1,149156753
4168845,132.372216,388.55073,J,40562845,132.36996,388.54843,J,10,149156752
36670300,132.33984,388.58152,J,7630951,132.337778,388.581291,J,1,149156751
2682074,132.365557,388.559085,J,8403029,132.36459,388.55828,J,1,149102823
43365079,132.354471,388.586064,J,9199697,132.354601,388.585901,J,1,149102821
2508553,132.379562,388.560384,J,12656044,132.37715,388.55393,J,1,149064396
48719790,132.376505,388.561945,J,12656044,132.37715,388.55393,J,1,149064393
7634474,132.36703,388.56573,J,2101968,132.367163,388.559727,J,1,149010746
24521445,132.322291,388.570781,J,37411382, , ,J,1,149010732
26080024,132.320251,388.616651,J,48719783,132.319177,388.616599,J,1,149010727
39226947,132.344101,388.57295,J,5507469,132.344426,388.572547,J,1,149010723
5507469,132.344426,388.572547,J,5524412,132.353082,388.574886,H,1,149010717
44001693,132.33654,388.57133,J,5507469,132.344426,388.572547,J,1,149010716
10642410,132.33715,388.58989,J,7630950,132.337892,388.594395,J,1,149010703
17820900,132.373791,388.557321,J,44435991, , ,J,1,149010700
18379269,132.40242,388.57176,J,7630949,132.402765,388.57178,J,1,149010698
22568650,132.36338,388.579401,J,7630944,132.367172,388.581522,J,1,149010697
26113684,132.31622,388.59113,J,7662807,132.315723,388.590712,J,1,149010696
18998674,132.33553,388.57658,J,48719785,132.336885,388.574459,J,1,149010695
18998674,132.33553,388.57658,J,48719787,132.34587,388.577111,J,1,149010694
3069371,132.33139,388.59444,J,47501156, , ,J,0.1,149010693
2158730,132.346406,388.58327,J,12656047,132.348421,388.582081,J,1,149010692
7662805,132.424231,388.533727,J,40706892,132.41541,388.54798,J,1,148925928
2682268,132.347057,388.588844,J,18221112,132.347482,388.588786,J,1,148925923
1590201,132.35369,388.58738,J,39461908,132.359421,388.586199,J,0.1,148759768
2062484,132.31485,388.591318,J,36670305,132.31995,388.59055,J,10,148759765
25053254,132.382051,388.583501,J,48719788,132.38264,388.583112,J,1,148759764
15000852,132.368511,388.591434,J,18314758,132.36546,388.59385,J,1,148759762
51603174,132.31373,388.56923,J,51603175,132.31405,388.57029,J,1,148390595
51603174,132.31373,388.56923,J,18208263,132.313192,388.565843,J,1,148390592
39461906,132.322445,388.574169,J,51603173,132.32324,388.56842,J,1,148390591
10515693,132.35369,388.58738,H,51603172,132.33241,388.57321,J,1,148390588
1590729,132.339201,388.60629,J,1589958,132.305041,388.604521,H,1,148390585
39461906,132.322445,388.574169,J,51603172,132.33241,388.57321,J,1,148390584
51329313,132.370502,388.582623,J,18314761,132.372901,388.591101,J,1,147360960
13823773,132.350141,388.589312,J,3500723,132.35051,388.58585,J,1,147175884
3500723,132.35051,388.58585,J,1847179,132.350717,388.588355,J,1,147175883
18221417,132.349701,388.59181,J,8440576,132.357151,388.583662,J,10,147175878
51191669,132.343991,388.600941,J,49950204,132.343371,388.601297,J,1,147107914
51191669,132.343991,388.600941,J,49950205,132.341561,388.599827,J,1,147107913
3551398,132.320442,388.581956,J,8157078,132.323491,388.575541,J,1,146877855
50974479,132.337785,388.570136,J,18998674,132.33553,388.57658,J,1,146695649
50974479,132.337785,388.570136,J,24521445,132.322291,388.570781,J,0.1,146695648
8157047,132.369443,388.591893,J,44001692,132.372271,388.58872,J,1,146552002
8157040,132.37464,388.59294,J,8157047,132.369443,388.591893,J,1,146552001
45876971,132.41541,388.54798,H,36589356,132.375231,388.586301,G,1,146551987
45876971,132.41541,388.54798,H,36589356,132.375231,388.586301,G,1,146551986
48754945,132.467184,388.556488,H,1845666,132.491384,388.50978,H,1,146483917
48754945,132.467184,388.556488,H,2061873,132.39026,388.55871,H,1,146483916
48754945,132.467184,388.556488,H,1845666,132.491384,388.50978,H,1,146483915
48754945,132.467184,388.556488,H,2061873,132.39026,388.55871,H,1,146483913
49191443,132.343227,388.579588,J,23791961,132.34578,388.57978,J,1,146353419
1847043,132.35676,388.59323,J,18314761,132.372901,388.591101,J,1,146009882
50376654,132.367481,388.565151,J,7634474,132.36703,388.56573,J,1,145483918
50080951, , ,J,31327045,132.550387,388.539906,J,1,144775612
49950205,132.341561,388.599827,J,49950204,132.343371,388.601297,J,1,144529926
49950204,132.343371,388.601297,J,8157079,132.33932,388.60332,J,1,144529925
13724170,132.503301,388.576443,J,49886619,132.510281,388.575297,J,1,144393462
1589376,132.374666,388.592475,H,49786187,132.372939,388.588243,J,10,144304826
49786187,132.372939,388.588243,J,7602521,132.375231,388.586301,H,1,144086694
49657271, , ,J,10642410,132.33715,388.58989,J,1,143805031
49657270,132.374527,388.594691,J,18314760,132.371601,388.592401,J,1,143805026
49236082,132.491253,388.512402,J,1590621,132.491384,388.50978,J,1,142774300
49193998, , ,J,39018501,132.32477,388.56519,J,1,142676249
14442495,132.382359,388.51378,J,45876970,132.382359,388.51378,H,1,142676182
49193992, , ,J,8320477,132.37888,388.56079,J,0.1,142676181
1587616,132.47613,388.58045,H,45876971,132.41541,388.54798,H,1,142676158
1587616,132.47613,388.58045,H,45876971,132.41541,388.54798,H,1,142676157
45876972,132.529191,388.561731,H,1587616,132.47613,388.58045,H,1,142676156
45876972,132.529191,388.561731,H,1587616,132.47613,388.58045,H,1,142676155
46205704,132.594131,388.528221,H,45876972,132.529191,388.561731,H,1,142676154
46205704,132.594131,388.528221,H,45876972,132.529191,388.561731,H,1,142676153
45876970,132.382359,388.51378,H,46205704,132.594131,388.528221,H,1,142676152
45876970,132.382359,388.51378,H,36589357,132.35369,388.58738,G,1,142676151
45876970,132.382359,388.51378,H,36589357,132.35369,388.58738,G,1,142676150
45876970,132.382359,388.51378,H,46205704,132.594131,388.528221,H,1,142676149
14442495,132.382359,388.51378,J,36589357,132.35369,388.58738,G,1,142676142
48719790,132.376505,388.561945,J,8320477,132.37888,388.56079,J,0.1,141741077
48719786,132.364252,388.574016,J,17959480,132.36483,388.57091,J,1,141741075
48719784,132.349344,388.587034,J,17526619,132.35002,388.58758,J,1,141741073
18998674,132.33553,388.57658,J,48719787,132.34587,388.577111,J,1,141741069
48719788,132.38264,388.583112,J,25053254,132.382051,388.583501,J,1,141741067
18998674,132.33553,388.57658,J,48719785,132.336885,388.574459,J,1,141741066
26080024,132.320251,388.616651,J,48719783,132.319177,388.616599,J,1,141741065
48719781, , ,J,1847342,132.417831,388.520041,J,0.1,141741064
48625753,132.369066,388.570629,J,45921962,132.353082,388.574886,H,1,141386708
48625753,132.369066,388.570629,J,45921963,132.37992,388.568463,H,10,141386707
45921963,132.37992,388.568463,H,36589356,132.375231,388.586301,G,1,141386698
45921963,132.37992,388.568463,H,45921962,132.353082,388.574886,H,1,141386697
20746435,132.311653,388.550606,J,15521431,132.336791,388.528251,J,10,140495628
7630946,132.46511,388.500797,J,40665887,132.46522,388.50172,J,1,140495622
40969486,132.295178,388.598406,J,48249762,132.299758,388.606563,J,10,140492993
26046590,132.305271,388.612131,J,48249762,132.299758,388.606563,J,10,140492992
47501156, , ,J,3069371,132.33139,388.59444,J,0.1,139664931
47886828,132.410687,388.524844,J,22907269,132.413645,388.532116,J,1,139664921
47353995, , ,J,1847766,132.35435,388.591101,J,0.1,138638799
46793734,132.491181,388.513551,J,1590621,132.491384,388.50978,J,1,137755408
46666392,132.387216,388.581767,J,25053254,132.382051,388.583501,J,1,137560042
45965649,132.355171,388.587072,J,1846959,132.35307,388.58425,J,1,137197933
1589347,132.35369,388.58738,H,45965649,132.355171,388.587072,J,1,137197932
8157100,132.354301,388.58497,J,1588142,132.35369,388.58738,H,1,137066771
1589759,132.354601,388.585901,J,1588142,132.35369,388.58738,H,1,136114297
43365079,132.354471,388.586064,J,1589759,132.354601,388.585901,J,1,136114296
43365079,132.354471,388.586064,J,9199697,132.354601,388.585901,J,1,136114293
2101903,132.35648,388.591401,J,43365079,132.354471,388.586064,J,1,136114292
7630944,132.367172,388.581522,J,22568650,132.36338,388.579401,J,1,135209453
27094586,132.320578,388.58811,J,45260956,132.312153,388.578258,J,1,134798354
1589347,132.35369,388.58738,H,44953304,132.36869,388.58534,J,1,134247249
4609375,132.37017,388.57601,J,44953304,132.36869,388.58534,J,1,134247248
43365106,132.285613,388.605328,J,23817974,132.292175,388.594124,J,1,134054442
17796431,132.288141,388.612166,J,43365106,132.285613,388.605328,J,1,134054441
44435991, , ,J,17820900,132.373791,388.557321,J,1,133303147
44222910,132.351194,388.587503,J,17526619,132.35002,388.58758,J,1,132937475
44217569,132.315321,388.566921,J,18208263,132.313192,388.565843,J,1,132937472
7821142,132.315881,388.589201,J,1589958,132.305041,388.604521,H,1,132937462
7821142,132.315881,388.589201,J,44223448,132.325978,388.586352,J,1,132937457
44223448,132.325978,388.586352,J,41070817,132.324551,388.583261,J,1,132937453
3551397,132.37428,388.58492,J,1846566,132.37428,388.58492,J,1,132937435
3551397,132.37428,388.58492,J,24447140,132.375642,388.584983,J,1,132937431
3662812,132.29046,388.59903,J,15390341,132.27918,388.60655,J,1,132937423
44254154,132.304281,388.574703,J,1589387,132.29791,388.56569,H,1,132935905
27396366,132.314045,388.566132,J,44217569,132.315321,388.566921,J,1,132935895
2568524,132.35703,388.58558,J,23059755,132.36645,388.58711,J,1,132686537
8157050,132.36835,388.58806,J,44001692,132.372271,388.58872,J,1,132339455
44001693,132.33654,388.57133,J,40562856,132.341461,388.577891,J,1,132339453
25505673,132.340988,388.525477,J,40909990,132.347831,388.531585,J,1,132339449
44001694,132.34704,388.58436,J,10515693,132.35369,388.58738,H,1,132339443
23088618,132.342696,388.578392,J,44001694,132.34704,388.58436,J,1,132339442
15286461,132.342593,388.582207,J,44001694,132.34704,388.58436,J,1,132339440
43811570,132.356901,388.59588,J,43423682,132.35264,388.59365,J,1,131872769
7560475,132.35795,388.59564,J,43811570,132.356901,388.59588,J,1,131872768
5712600,132.338307,388.589679,J,43811571,132.33977,388.58894,J,1,131872766
43811573,132.467571,388.557291,J,17682750,132.457931,388.550071,J,10,131872764
38935568,132.471941,388.553291,J,43811573,132.467571,388.557291,J,0.1,131872763
2568613,132.375231,388.586301,J,43608188,132.37769,388.58654,J,1,131422416
25634762,132.37788,388.58946,J,43608188,132.37769,388.58654,J,1,131422410
3069368,132.361091,388.599521,J,43608186,132.35763,388.597701,J,1,131422389
43423683,132.35353,388.57959,J,1847149,132.355666,388.57457,J,1,131045454
3069367,132.35279,388.58236,J,43423683,132.35353,388.57959,J,1,131045453
43423684,132.34522,388.59125,J,1589347,132.35369,388.58738,H,1,131044387
2062520,132.34522,388.59125,J,43423684,132.34522,388.59125,J,1,131044386
43378405,132.374452,388.58724,J,32069179,132.373801,388.58863,J,1,130972641
43378405,132.374452,388.58724,J,24447140,132.375642,388.584983,J,1,130972640
43365106,132.285613,388.605328,J,15650719,132.293078,388.607479,J,1,130972528
42959946,132.385835,388.570557,J,1590767,132.37992,388.568463,H,1,129509752
24447140,132.375642,388.584983,J,42959946,132.385835,388.570557,J,1,129509751
42879587,132.37456,388.576117,J,21639686,132.378515,388.575569,J,1,129390118
42879587,132.37456,388.576117,J,36589356,132.375231,388.586301,G,1,129390117
21639686,132.378515,388.575569,J,1590767,132.37992,388.568463,H,1,128677632
23287509,132.37294,388.58115,J,7602521,132.375231,388.586301,H,1,128103757
41342545,132.31932,388.59757,J,1589958,132.305041,388.604521,H,1,125683424
41342545,132.31932,388.59757,J,3551329,132.333916,388.594111,J,1,125683423
41342545,132.31932,388.59757,J,2682109,132.333916,388.594111,J,1,125683422
41070822, , ,J,17922884,132.37267,388.56422,J,1,124849036
40594377, , ,J,18314758,132.36546,388.59385,J,1,124845729
41070817,132.324551,388.583261,J,40562848,132.324188,388.580707,J,1,124845723
29357676,132.408583,388.565284,J,2061873,132.39026,388.55871,H,1,124770509
14227613,132.402331,388.575931,J,29357676,132.408583,388.565284,J,1,124770508
26013302,132.29938,388.59089,J,40969486,132.295178,388.598406,J,10,124675472
40909990,132.347831,388.531585,J,1589387,132.29791,388.56569,H,1,124609866
40784897,132.464341,388.553461,J,38935568,132.471941,388.553291,J,1,124342828
5524412,132.353082,388.574886,H,40745374,132.35892,388.57757,J,1,124269712
1588142,132.35369,388.58738,H,40745379,132.359949,388.589372,J,1,124269694
20891419,132.35925,388.59111,J,40745379,132.359949,388.589372,J,1,124269693
7662805,132.424231,388.533727,J,40706892,132.41541,388.54798,J,1,124199197
27268204,132.466573,388.491631,J,40665887,132.46522,388.50172,J,1,124117427
40594377, , ,J,14836550,132.354389,388.595704,J,1,123988142
4168845,132.372216,388.55073,J,40562845,132.36996,388.54843,J,10,123864020
40562856,132.341461,388.577891,J,23088618,132.342696,388.578392,J,1,123864013
10515693,132.35369,388.58738,H,40562875,132.345971,388.600421,J,1,123863984
29924946,132.353581,388.598961,J,40562874,132.362724,388.595241,J,1,123863972
40562848,132.324188,388.580707,J,36589357,132.35369,388.58738,G,1,123863967
40562850, , ,J,1587616,132.47613,388.58045,H,1,123863944
39512073,132.376701,388.508391,J,26872870,132.37159,388.51262,J,1,122148035
39461908,132.359421,388.586199,J,1590201,132.35369,388.58738,J,0.1,122052581
39069789,132.33555,388.566896,J,20204352,132.343828,388.570525,J,1,121692834
39018499,132.30729,388.59096,J,26113684,132.31622,388.59113,J,0.1,121605632
15038073,132.301141,388.559941,J,38538371,132.304693,388.558381,J,1,120910421
38373891,132.383595,388.506113,J,24482520,132.398613,388.528318,J,1,120665272
37518098,132.312892,388.580309,J,30498379,132.313507,388.581616,J,1,119553595
1590767,132.37992,388.568463,H,36589356,132.375231,388.586301,G,1,119482782
7602521,132.375231,388.586301,H,36589356,132.375231,388.586301,G,1,119482781
1589376,132.374666,388.592475,H,36589357,132.35369,388.58738,G,1,119482780
10515693,132.35369,388.58738,H,36589357,132.35369,388.58738,G,1,119482779
1589958,132.305041,388.604521,H,36589357,132.35369,388.58738,G,1,119482778
10515693,132.35369,388.58738,H,36589357,132.35369,388.58738,G,1,119482777
1589958,132.305041,388.604521,H,36589357,132.35369,388.58738,G,1,119482776
10515693,132.35369,388.58738,H,36589357,132.35369,388.58738,G,1,119482775
3605877,132.398613,388.528318,H,36589357,132.35369,388.58738,G,1,119482774
10515693,132.35369,388.58738,H,36589357,132.35369,388.58738,G,1,119482773
3605877,132.398613,388.528318,H,36589357,132.35369,388.58738,G,1,119482772
10515693,132.35369,388.58738,H,36589357,132.35369,388.58738,G,1,119482771
5524412,132.353082,388.574886,H,36589357,132.35369,388.58738,G,1,119482770
10515693,132.35369,388.58738,H,36589357,132.35369,388.58738,G,1,119482769
5524412,132.353082,388.574886,H,36589357,132.35369,388.58738,G,1,119482768
10515693,132.35369,388.58738,H,36589357,132.35369,388.58738,G,1,119482767
1589376,132.374666,388.592475,H,36589356,132.375231,388.586301,G,1,119482763
7602521,132.375231,388.586301,H,36589356,132.375231,388.586301,G,1,119482762
1590364,132.364301,388.544118,H,36589356,132.375231,388.586301,G,1,119482761
7602521,132.375231,388.586301,H,36589356,132.375231,388.586301,G,1,119482760
1590364,132.364301,388.544118,H,36589356,132.375231,388.586301,G,1,119482759
7602521,132.375231,388.586301,H,36589356,132.375231,388.586301,G,1,119482758
2061873,132.39026,388.55871,H,36589356,132.375231,388.586301,G,1,119482757
7602521,132.375231,388.586301,H,36589356,132.375231,388.586301,G,1,119482756
2061873,132.39026,388.55871,H,36589356,132.375231,388.586301,G,1,119482755
7602521,132.375231,388.586301,H,36589356,132.375231,388.586301,G,1,119482754
1590767,132.37992,388.568463,H,36589356,132.375231,388.586301,G,1,119482753
7602521,132.375231,388.586301,H,36589356,132.375231,388.586301,G,1,119482752
24521445,132.322291,388.570781,J,37411382, , ,J,1,119411146
22619768,132.336934,388.569909,J,5524412,132.353082,388.574886,H,1,119055281
36670300,132.33984,388.58152,J,23791961,132.34578,388.57978,J,1,118147834
7630951,132.337778,388.581291,J,36670300,132.33984,388.58152,J,1,118147831
1587995,132.338681,388.580341,J,36670300,132.33984,388.58152,J,1,118147827
2062484,132.31485,388.591318,J,36670305,132.31995,388.59055,J,10,118147821
18643419,132.510511,388.512641,J,36579943,132.524511,388.503831,J,1,117820642
1845666,132.491384,388.50978,H,36372857,132.491524,388.508551,J,1,117820637
18643419,132.510511,388.512641,J,36372857,132.491524,388.508551,J,1,117820636
13152067,132.441529,388.518654,J,36372855,132.451917,388.509733,J,1,117820622
7630945,132.451999,388.509788,J,36372855,132.451917,388.509733,J,1,117820620
22171077,132.448814,388.518988,J,36372855,132.451917,388.509733,J,1,117820619
15286458,132.34601,388.58899,J,35799653,132.34504,388.588901,J,1,116584128
1588142,132.35369,388.58738,H,35799653,132.34504,388.588901,J,1,116584127
18998672,132.405631,388.524709,J,34258157,132.405492,388.525349,J,1,114850308
32069179,132.373801,388.58863,J,24447140,132.375642,388.584983,J,1,113615053
1846566,132.37428,388.58492,J,32069179,132.373801,388.58863,J,1,113615052
32069179,132.373801,388.58863,J,7602521,132.375231,388.586301,H,1,113615046
32069176,132.344901,388.59378,J,5403517,132.349851,388.593686,J,1,113615029
27094586,132.320578,388.58811,J,1589958,132.305041,388.604521,H,1,113315097
1845623,132.40177,388.51937,J,30983903,132.412586,388.516698,J,1,112239847
1847323,132.43549,388.49682,J,30983903,132.412586,388.516698,J,1,112239846
30498380,132.313507,388.581616,J,30498379,132.313507,388.581616,J,1,111544949
7451894,132.339477,388.590064,J,30498377,132.339477,388.590064,J,1,111544939
1588362,132.433681,388.558991,J,29807378,132.423734,388.549383,J,1,110554056
19045546,132.420491,388.550252,J,29807378,132.423734,388.549383,J,1,110554055
25505676,132.34889,388.57687,J,29739091,132.346658,388.577985,J,1,110476468
23791961,132.34578,388.57978,J,29739091,132.346658,388.577985,J,1,110476387
24482520,132.398613,388.528318,J,29008119,132.385961,388.512572,J,1,109321331
2809705,132.39443,388.50815,J,29008119,132.385961,388.512572,J,1,109321330
28515347,132.390171,388.556711,J,14150191,132.398341,388.558011,J,1,108639554
27299941,132.302131,388.617525,J,26046590,132.305271,388.612131,J,1,106391788
26080024,132.320251,388.616651,J,1589958,132.305041,388.604521,H,1,106391777
26080025,132.325461,388.626651,J,26080024,132.320251,388.616651,J,10,106391774
3069360,132.467341,388.496601,J,27268204,132.466573,388.491631,J,1,106351582
21742184,132.390171,388.556711,J,14150191,132.398341,388.558011,J,1,105955616
14150191,132.398341,388.558011,J,18379268,132.39026,388.55871,J,1,105955613
26986541,132.400322,388.559005,J,18379268,132.39026,388.55871,J,1,105955593
26957135,132.353346,388.579728,J,5524412,132.353082,388.574886,H,1,105905980
26957135,132.353346,388.579728,J,10515693,132.35369,388.58738,H,1,105905979
5524412,132.353082,388.574886,H,26957093,132.356258,388.573258,J,10,105905976
18208258,132.354441,388.571981,J,26957093,132.356258,388.573258,J,10,105905975
22475086,132.297922,388.570431,J,1589387,132.29791,388.56569,H,1,105609328
26013302,132.29938,388.59089,J,22475086,132.297922,388.570431,J,10,105609327
21881298,132.311358,388.631156,J,26046587,132.30836,388.62751,J,10,105609308
19793158,132.318225,388.637391,J,21881298,132.311358,388.631156,J,10,105609306
26113684,132.31622,388.59113,J,7662807,132.315723,388.590712,J,1,104222772
1589958,132.305041,388.604521,H,26113684,132.31622,388.59113,J,0.1,104222764
25666588,132.420961,388.563311,J,2682108,132.429601,388.572301,J,1,103008705
25505671,132.424915,388.529881,J,3605877,132.398613,388.528318,H,1,102962035
21444416,132.421723,388.537989,J,25505671,132.424915,388.529881,J,1,102962034
25604450,132.34012,388.59676,J,17922889,132.342361,388.598511,J,1,102909496
17144875,132.462545,388.556841,J,25505672,132.46044,388.542801,J,1,102837223
25505672,132.46044,388.542801,J,1846585,132.459703,388.542557,J,1,102837222
25505676,132.34889,388.57687,J,1588142,132.35369,388.58738,H,1,102837213
25474767,132.51067,388.50343,J,21513129,132.511837,388.507211,J,1,102712110
25407310,132.49577,388.50396,J,21513102,132.489015,388.501206,J,1,102627918
20891419,132.35925,388.59111,J,25370918,132.345376,388.59313,J,1,102577283
25370918,132.345376,388.59313,J,2062520,132.34522,388.59125,J,1,102577280
25284862,132.32577,388.56925,J,25284861,132.328811,388.567691,J,1,102514791
25284862,132.32577,388.56925,J,10515693,132.35369,388.58738,H,1,102514790
18979140,132.330717,388.569959,J,25284861,132.328811,388.567691,J,1,102514787
25212869,132.402417,388.554954,J,2061873,132.39026,388.55871,H,1,102395085
25178402,132.343222,388.594527,J,1847224,132.337089,388.594009,J,1,102342197
24521449,132.416251,388.583981,J,5605548,132.409121,388.579981,J,1,102342196
25178402,132.343222,388.594527,J,5809488,132.342405,388.591483,J,1,102342193
25053254,132.382051,388.583501,J,5028005,132.381834,388.58084,J,1,102175544
25018645,132.440361,388.528131,J,13152067,132.441529,388.518654,J,1,102107623
25018645,132.440361,388.528131,J,22171077,132.448814,388.518988,J,1,102107622
25018706,132.366032,388.539456,J,17820902,132.364301,388.544118,J,1,102107619
24985217,132.394438,388.580228,J,7602521,132.375231,388.586301,H,1,102059737
8320464,132.34411,388.59479,J,1589347,132.35369,388.58738,H,1,101961251
1846983,132.35739,388.597311,J,8320464,132.34411,388.59479,J,1,101961250
12656047,132.348421,388.582081,J,17526619,132.35002,388.58758,J,1,101898900
8157050,132.36835,388.58806,J,24482525,132.36872,388.586601,J,1,101567366
20746435,132.311653,388.550606,J,1589387,132.29791,388.56569,H,1,100933030
1588155,132.29452,388.57461,J,23817974,132.292175,388.594124,J,1,100874193
1590767,132.37992,388.568463,H,23791962,132.37779,388.56646,J,1,100831398
19386191,132.377254,388.571025,J,23791962,132.37779,388.56646,J,1,100831397
15074096,132.372081,388.532811,J,1590364,132.364301,388.544118,H,10,100705359
17959477,132.356441,388.576518,J,5524412,132.353082,388.574886,H,1,100433983
