NodeID_A,longitude_A,latitude_A,type_A,NodeID_B,longitude_B,latitude_B,type_B,A,NE
23287510,132.22636,388.65402,J,14464977,132.228373,388.655371,J,1,99885226
22956208,132.273911,388.660091,J,11683967,132.266632,388.657792,J,1,99256303
22956209,132.280811,388.667451,J,14124724,132.302581,388.672371,J,1,99255960
22931310,132.25915,388.61031,J,19336466,132.262741,388.609476,J,1,99195876
19621932,132.255241,388.611391,J,22931310,132.25915,388.61031,J,1,99195875
7958245,132.266291,388.604371,J,22931310,132.25915,388.61031,J,1,99195874
4211336,132.117129,388.597857,J,19510779,132.126107,388.589035,J,1,98932809
15055923,131.859041,388.599654,J,22568647,131.869547,388.593441,J,1,98009914
2102623,132.25408,388.647645,J,13989315,132.259689,388.646248,J,1,97342965
14057305,132.252856,388.645792,J,1589609,132.252856,388.645792,H,10,95531054
20141973,132.252856,388.645792,J,14057305,132.252856,388.645792,J,10,95531053
15186639,132.256861,388.636521,J,20141973,132.252856,388.645792,J,10,95531050
20611282,132.004418,388.499177,J,5245431,131.99337,388.50764,J,1,95242480
13989291,132.00489,388.48903,J,20611282,132.004418,388.499177,J,1,95242479
15286460,132.250911,388.643011,J,15186639,132.256861,388.636521,J,1,94971295
21663504,132.043451,388.490996,J,11777668,132.033211,388.484691,J,1,94916185
8374375,132.049268,388.502688,J,21663504,132.043451,388.490996,J,1,94916184
21615104,131.910088,388.702414,J,11725576,131.941051,388.693701,J,1,94791377
21363740,132.226873,388.538776,J,20657477,132.231922,388.537269,J,1,94141104
21252813,132.043608,388.587192,J,4944916,132.04605,388.59482,J,1,93987908
3835853,132.041183,388.567059,J,21252813,132.043608,388.587192,J,1,93987907
21252810,131.926264,388.609053,J,4132293,131.93471,388.60417,J,1,93987898
2061942,131.932601,388.600031,H,21252810,131.926264,388.609053,J,1,93987897
14006029,132.262711,388.663981,J,11654508,132.263984,388.662035,J,1,93636840
2568243,132.227197,388.630195,J,21026441,132.224616,388.629947,J,1,93402825
20823517,132.266962,388.658861,H,17336068,132.313451,388.679481,H,10,92981607
1589609,132.252856,388.645792,H,20823517,132.266962,388.658861,H,10,92981606
20823517,132.266962,388.658861,H,17336068,132.313451,388.679481,H,10,92981605
1589609,132.252856,388.645792,H,20823517,132.266962,388.658861,H,10,92981604
20732826,132.166262,388.548202,J,4609512,132.110791,388.540853,J,1,92745452
20732805,131.971661,388.630268,J,15000848,131.94776,388.65113,J,1,92745448
20601747,131.86717,388.52908,J,12674230,131.90046,388.528453,J,1,92155042
12674228,131.901543,388.53613,J,20601747,131.86717,388.52908,J,1,92155041
20601747,131.86717,388.52908,J,15412312,131.873879,388.512079,J,1,92155038
20601747,131.86717,388.52908,J,2061935,131.86991,388.53171,H,10,92155036
3432537,132.08291,388.63333,J,19510787,132.071928,388.629531,J,1,91724067
19510783,132.101138,388.591865,J,4211336,132.117129,388.597857,J,1,91724063
4211335,132.099901,388.60029,J,19510783,132.101138,388.591865,J,1,91724062
20381335,131.937133,388.535372,J,11777669,131.93885,388.52608,J,1,91640917
5209236,131.93529,388.56134,J,20381335,131.937133,388.535372,J,1,91640916
5209091,131.981122,388.64894,J,15000851,131.990611,388.654621,J,1,91527289
4211275,131.993609,388.638283,J,19793153,131.997631,388.648983,J,1,91527286
4211275,131.993609,388.638283,J,1587971,132.023765,388.639514,H,1,91527282
17820904,132.25909,388.658647,J,11683967,132.266632,388.657792,J,1,91163936
2771151,131.95639,388.58818,J,18222048,131.948451,388.589251,J,0.1,91050847
20225962,131.918721,388.543308,J,5209090,131.933434,388.549495,J,1,91050846
12674230,131.90046,388.528453,J,20225962,131.918721,388.543308,J,1,91050845
1590587,132.252856,388.645792,H,15055920,132.25433,388.64851,J,10,90844866
20120529,132.266632,388.657792,J,11683967,132.266632,388.657792,J,1,90789666
7832949,132.26666,388.64975,J,20120529,132.266632,388.657792,J,10,90789665
20005454,132.082907,388.547778,J,19714519,132.076007,388.547946,J,1,90546643
10612131,132.14747,388.52272,J,20005454,132.082907,388.547778,J,1,90546642
3432456,132.15738,388.54984,J,10612132,132.152357,388.52612,J,1,90388861
15238517,132.003296,388.665373,J,19793153,131.997631,388.648983,J,1,90015837
19229435,132.140205,388.614346,J,1587976,132.13245,388.62555,J,0.1,89812812
2874669,132.14479,388.62171,J,7311187,132.152609,388.629089,J,1,89812811
19669461,131.976739,388.529774,J,5209094,131.98258,388.52944,J,1,89752121
5209090,131.933434,388.549495,J,19669461,131.976739,388.529774,J,1,89752120
19580370,132.264441,388.635731,J,13989315,132.259689,388.646248,J,1,89561209
19560122,132.242746,388.649295,J,1847033,132.24131,388.64941,J,0.1,89523076
19538097,132.254665,388.638703,J,14006037,132.25236,388.63983,J,1,89447765
19538097,132.254665,388.638703,J,16750298,132.25193,388.63558,J,1,89447764
19485694,131.971634,388.603535,J,5209159,131.98871,388.59954,J,1,89290710
5209161,132.00638,388.60082,J,19485687,131.992341,388.629632,J,1,89290703
19411658,132.178069,388.557741,J,5712531,132.186656,388.55887,J,1,89016233
3432466,132.169874,388.55738,J,19411658,132.178069,388.557741,J,1,89016232
19090260,132.257781,388.654472,J,2101866,132.25849,388.65344,J,1,88943561
1845635,132.25706,388.65445,J,19090260,132.257781,388.654472,J,1,88943560
5450788,132.14149,388.61051,J,19229435,132.140205,388.614346,J,1,88038645
19229438,131.911154,388.595632,J,2061942,131.932601,388.600031,H,1,88038631
4944917,131.889782,388.598704,J,19229438,131.911154,388.595632,J,1,88038630
18955458,132.241709,388.65117,J,5135467,132.24264,388.65246,J,1,87172100
18933312,132.265461,388.659011,J,1847310,132.265631,388.659797,J,1,85925388
1847784,132.26171,388.64428,J,18933312,132.265461,388.659011,J,1,85925387
7662811,132.231451,388.638711,J,3029011,132.230284,388.640528,J,1,85925385
5605466,132.23429,388.63864,J,7662811,132.231451,388.638711,J,1,85925384
1590587,132.252856,388.645792,H,1847330,132.24081,388.64871,J,0.1,85235378
5290014,132.18324,388.69703,J,18221103,132.171365,388.677516,J,1,85235326
18625734,132.167487,388.662945,J,1589538,132.16566,388.67218,J,1,85235317
1587557,132.13245,388.62555,H,18625734,132.167487,388.662945,J,1,85235316
1589609,132.252856,388.645792,H,1847191,132.250194,388.648243,J,1,85235289
1587561,132.252856,388.645792,J,1589609,132.252856,388.645792,H,10,85235277
2061941,131.968192,388.592131,H,18221418,131.961235,388.591055,J,0.1,85235266
18221997,132.23592,388.649801,J,18221109,132.238912,388.649899,J,1,85235160
14464984,132.233221,388.649161,J,18221997,132.23592,388.649801,J,1,85235159
11740475,132.247006,388.640351,J,1590587,132.252856,388.645792,H,10,81694463
16750298,132.25193,388.63558,J,11740475,132.247006,388.640351,J,1,81694450
16750298,132.25193,388.63558,J,14006037,132.25236,388.63983,J,1,81692605
17336065,131.900568,388.665126,J,12987146,131.923782,388.672085,J,1,72426075
2809742,132.16143,388.64197,J,17336061,132.14806,388.660051,J,1,72426070
15000848,131.94776,388.65113,J,17336065,131.900568,388.665126,J,1,72426058
42294474,131.877233,388.574427,J,4132367,131.874815,388.532329,J,1,72193970
15650783,131.864555,388.541644,J,2061935,131.86991,388.53171,H,10,72193957
4132367,131.874815,388.532329,J,2061935,131.86991,388.53171,H,10,72193901
5403119,131.883372,388.611941,J,4211206,131.91972,388.60366,J,1,72158171
42294474,131.877233,388.574427,J,11740468,131.78255,388.57853,J,1,72158170
4211206,131.91972,388.60366,J,2061942,131.932601,388.600031,H,1,72158166
16478339,132.254511,388.647361,J,1590587,132.252856,388.645792,H,10,71491318
16478339,132.254511,388.647361,J,1589609,132.252856,388.645792,H,10,71488658
16182765,132.234527,388.554761,J,2101917,132.238902,388.557507,J,1,71035202
16159008,131.965672,388.593104,J,4132295,131.97028,388.59245,J,1,70996979
5245515,132.02322,388.52172,J,16134977,132.02034,388.51111,J,1,70951656
16134977,132.02034,388.51111,J,5245514,132.00995,388.51926,J,1,70951651
16053866,132.23263,388.65886,J,8074644,132.22765,388.66696,J,1,70782912
11683976,132.23101,388.64525,J,16053866,132.23263,388.65886,J,1,70782910
16037941,132.25085,388.64537,J,15286460,132.250911,388.643011,J,1,70681489
16037941,132.25085,388.64537,J,11740475,132.247006,388.640351,J,1,70681485
15859653,132.252738,388.561553,J,11764681,132.246031,388.558291,J,1,70054193
14505464,132.234608,388.640529,J,15348201,132.232944,388.635384,J,1,68445410
1847008,132.245201,388.65329,J,15326836,132.243471,388.650111,J,1,68406562
14006040,132.005635,388.552291,J,1589765,131.98258,388.52944,H,1,68231972
1589765,131.98258,388.52944,H,15286444,131.95975,388.51473,J,1,68231970
5068398,132.244708,388.64615,J,15286460,132.250911,388.643011,J,1,68231964
15286444,131.95975,388.51473,J,7821131,131.957941,388.540651,J,1,68231942
2771151,131.95639,388.58818,J,4258532,131.974419,388.566373,J,1,68231938
15238519,131.98145,388.48796,J,13989291,132.00489,388.48903,J,1,68070498
15000851,131.990611,388.654621,J,15238517,132.003296,388.665373,J,1,68070493
15226909,132.09464,388.60372,J,5209096,132.080369,388.597929,J,1,68053275
15055923,131.859041,388.599654,J,4944917,131.889782,388.598704,J,1,67281297
13858122,132.256038,388.648839,J,13989315,132.259689,388.646248,J,1,67281294
15055920,132.25433,388.64851,J,13858122,132.256038,388.648839,J,10,67281289
13989315,132.259689,388.646248,J,7832949,132.26666,388.64975,J,1,67238101
4109894,132.05129,388.60418,J,15000850,132.050577,388.573274,J,1,67075021
15000850,132.050577,388.573274,J,3835853,132.041183,388.567059,J,1,67075019
2743067,132.194691,388.683881,J,5290014,132.18324,388.69703,J,1,64721033
14057310,132.250856,388.631526,J,3768418,132.248142,388.632961,J,1,64706881
1590227,132.25025,388.653982,J,14037310,132.23921,388.66669,J,10,64706834
7512379,132.236631,388.665441,J,14037310,132.23921,388.66669,J,10,64706818
5245431,131.99337,388.50764,J,4132366,131.99613,388.51493,J,1,64530015
5209090,131.933434,388.549495,J,13989350,131.91647,388.53296,J,1,64530013
13989313,132.25103,388.60865,J,4109963,132.25121,388.601963,J,1,64529618
13989313,132.25103,388.60865,J,1845532,132.246247,388.603867,J,1,64529612
5209095,131.957298,388.528787,J,1589765,131.98258,388.52944,H,1,60818031
11777669,131.93885,388.52608,J,5209095,131.957298,388.528787,J,1,60568516
5403119,131.883372,388.611941,J,11777671,131.82386,388.59134,J,1,60568511
11777668,132.033211,388.484691,J,8374374,132.031981,388.510661,J,1,60568510
11740469,131.80087,388.59385,J,11740468,131.78255,388.57853,J,1,60489657
7821131,131.957941,388.540651,J,4258532,131.974419,388.566373,J,1,60449514
11725568,131.934951,388.700711,J,11725576,131.941051,388.693701,J,1,60449502
11725568,131.934951,388.700711,J,1587971,132.023765,388.639514,H,1,60449494
11683967,132.266632,388.657792,J,2568210,132.266081,388.656363,J,1,60246238
1588764,132.25178,388.64933,J,7619906,132.252051,388.648551,J,0.1,59769832
10612131,132.14747,388.52272,J,10612133,132.144321,388.518051,J,1,59471256
10612133,132.144321,388.518051,J,10612132,132.152357,388.52612,J,1,59471254
8403039,132.261925,388.656308,J,8074649,132.261772,388.656891,J,1,56179948
8407734,132.236455,388.670809,J,8403030,132.20078,388.66013,J,0.1,56179917
8345808,132.247809,388.649022,J,8403038,132.235095,388.640013,J,0.1,56179884
8403039,132.261925,388.656308,J,1587561,132.252856,388.645792,J,0.1,56179814
1588524,132.23301,388.64648,J,8051312,132.231515,388.64279,J,1,54638320
8074648,132.13029,388.62941,J,1587557,132.13245,388.62555,H,1,54638239
2362020,132.232893,388.656342,J,8166463,132.23141,388.66159,J,1,54638029
2102589,132.231838,388.668576,J,8166463,132.23141,388.66159,J,1,54638026
1589538,132.16566,388.67218,J,1590170,132.17983,388.66952,J,1,54637855
1847231,132.27103,388.65277,J,7832949,132.26666,388.64975,J,1,54637690
2568210,132.266081,388.656363,J,7832949,132.26666,388.64975,J,1,54637688
1846991,132.235095,388.640013,H,1590030,132.20078,388.66013,H,10,54637458
1590587,132.252856,388.645792,H,1846991,132.235095,388.640013,H,10,54637457
1590587,132.252856,388.645792,H,1846991,132.235095,388.640013,H,10,54637040
1847752,132.258662,388.658577,J,8074649,132.261772,388.656891,J,1,54636732
5209243,132.261614,388.657029,J,8074649,132.261772,388.656891,J,1,54636730
1590587,132.252856,388.645792,H,8074649,132.261772,388.656891,J,1,54636725
3500815,132.28424,388.53813,J,2830456,132.30289,388.53989,J,1,54635164
1847078,132.246894,388.638263,J,1846553,132.247914,388.640336,J,1,54634756
5450788,132.14149,388.61051,J,5450787,132.142211,388.601381,J,1,54633070
2874669,132.14479,388.62171,J,5450788,132.14149,388.61051,J,1,54633061
3500812,132.203891,388.559781,J,3551524,132.18407,388.56274,H,1,54632263
4944917,131.889782,388.598704,J,4211325,131.874468,388.590649,J,1,54631235
4109894,132.05129,388.60418,J,4944916,132.04605,388.59482,J,1,54631229
4211342,132.053811,388.541241,J,5245515,132.02322,388.52172,J,1,54631159
5245514,132.00995,388.51926,J,4132366,131.99613,388.51493,J,1,54631157
5209161,132.00638,388.60082,J,5209159,131.98871,388.59954,J,1,54631008
5209240,131.947322,388.576047,J,5209236,131.93529,388.56134,J,1,54630851
1587971,132.023765,388.639514,H,4211255,132.00707,388.622101,J,1,54630700
5322887,132.20923,388.53185,J,5322918,132.21521,388.52596,J,1,54630318
5322891,132.17689,388.52466,J,5322887,132.20923,388.53185,J,1,54630316
5135567,132.05399,388.64739,J,4768614,132.034721,388.654081,J,1,54630117
5322918,132.21521,388.52596,J,5322891,132.17689,388.52466,J,1,54629971
1590587,132.252856,388.645792,H,1589609,132.252856,388.645792,H,10,54628670
3551349,132.247697,388.634308,J,1847375,132.24696,388.63496,J,1,54628402
1590772,132.086718,388.565823,H,4211342,132.053811,388.541241,J,1,54628296
3500813,132.06571,388.61078,J,3500810,132.05294,388.61508,J,1,54628194
3500810,132.05294,388.61508,J,4109894,132.05129,388.60418,J,1,54628162
1846553,132.247914,388.640336,J,1590587,132.252856,388.645792,H,10,54628130
2874664,132.099572,388.624243,J,3432537,132.08291,388.63333,J,1,54627980
1847011,132.25411,388.64226,J,1847248,132.253702,388.642577,J,1,54627740
1846553,132.247914,388.640336,J,1846993,132.247035,388.640048,J,1,54626347
1590030,132.20078,388.66013,H,1846991,132.235095,388.640013,H,10,54626329
1847241,132.253374,388.654547,J,1847310,132.265631,388.659797,J,1,54626205
1847784,132.26171,388.64428,J,2101902,132.258323,388.644986,J,1,54626204
1847033,132.24131,388.64941,J,1847330,132.24081,388.64871,J,0.1,54626202
1846993,132.247035,388.640048,J,1847375,132.24696,388.63496,J,1,54626198
60601879, , ,J,29357675,132.236628,388.652175,J,1,201648150
60601879, , ,J,29357675,132.236628,388.652175,J,1,201648149
58192099,132.233362,388.629681,J,35975237,132.235541,388.632321,J,1,201648147
1589200,132.247826,388.636719,J,79322237,132.241741,388.634869,J,1,201137597
16750298,132.25193,388.63558,J,79322237,132.241741,388.634869,J,1,201137596
80847173,132.266962,388.658861,J,20611352,132.266962,388.658861,J,1,200525747
84024003, , ,J,1588764,132.25178,388.64933,J,0.1,200415155
84024003, , ,J,7619906,132.252051,388.648551,J,0.1,200415154
84024002,132.24663,388.62921,J,60815521,132.246811,388.626581,J,1,200415152
83661285,132.230058,388.574471,J,23439892,132.223904,388.591064,J,1,200356620
35975237,132.235541,388.632321,J,78939039,132.234977,388.631346,J,1,200356611
78939039,132.234977,388.631346,J,83976882,132.23322,388.63398,J,1,200356610
83976882,132.23322,388.63398,J,29357488,132.252856,388.645792,G,1,200356609
83488294,132.25241,388.66825,J,20611352,132.266962,388.658861,J,1,200186304
46521806,132.24621,388.65343,J,15038070,132.25327,388.65819,J,1,200065963
15038070,132.25327,388.65819,J,71437186,132.25909,388.658647,J,10,200065962
83703061,132.20136,388.64226,J,60815519,132.205284,388.642128,J,1,199964815
83661285,132.230058,388.574471,J,37358806,132.230088,388.574757,J,1,199964809
83488294,132.25241,388.66825,J,38026542,132.243651,388.671251,J,1,199684819
83398935,132.175372,388.664342,J,48001241,132.180845,388.666175,J,1,199532067
83398935,132.175372,388.664342,J,37311229,132.176964,388.661956,J,1,199532066
29357488,132.252856,388.645792,G,14057310,132.250856,388.631526,J,10,198779636
82740746,132.239191,388.648931,J,1847033,132.24131,388.64941,J,0.1,198505209
82740746,132.239191,388.648931,J,1847330,132.24081,388.64871,J,0.1,198505208
78460087,132.26687,388.67523,J,78977940,132.26356,388.67678,J,1,197850445
8258017,132.26407,388.68671,J,78977940,132.26356,388.67678,J,1,197850444
8172004,132.24433,388.65953,J,81913465,132.246297,388.656424,J,10,197451130
19867677,132.246297,388.656424,J,81913465,132.246297,388.656424,J,10,197451129
81782820,132.196901,388.666318,J,20248788,132.20183,388.66614,J,1,197298037
80023628,132.228074,388.628036,J,77732005,132.236131,388.621381,J,1,197298036
29270393,132.303708,388.667129,J,81582047,132.314577,388.676583,J,1,197086390
36104007,132.320251,388.677601,J,81582047,132.314577,388.676583,J,1,197086389
80896181,132.267909,388.640623,J,7832949,132.26666,388.64975,J,1,195854230
39940185,132.20078,388.66013,H,60815519,132.205284,388.642128,J,1,195677647
38438331,132.21123,388.64861,J,60815519,132.205284,388.642128,J,1,195677646
38488145,132.21267,388.64183,J,38438331,132.21123,388.64861,J,10,195677645
51250762,132.231718,388.62758,J,38488145,132.21267,388.64183,J,10,195677644
51250762,132.231718,388.62758,J,65768373,132.231496,388.630196,J,10,195677643
38488142,132.231421,388.637611,J,65768373,132.231496,388.630196,J,10,195677641
8230203,132.233031,388.638204,J,38488142,132.231421,388.637611,J,1,195677638
8230203,132.233031,388.638204,J,42959922,132.235095,388.640013,H,10,195677637
42959922,132.235095,388.640013,H,10488418,132.240261,388.640911,J,10,195677633
10488418,132.240261,388.640911,J,9228632,132.24044,388.65034,J,10,195677632
41934056,132.240436,388.649346,J,9228632,132.24044,388.65034,J,10,195677631
53146786,132.240603,388.652631,J,41934056,132.240436,388.649346,J,10,195677630
53146786,132.240603,388.652631,J,53146788,132.24025,388.652718,J,10,195677628
53146788,132.24025,388.652718,J,65329995,132.244006,388.652304,J,10,195677627
65329995,132.244006,388.652304,J,65909425,132.245201,388.65329,J,10,195677622
53201644,132.25223,388.64541,J,65909425,132.245201,388.65329,J,10,195677620
29357488,132.252856,388.645792,G,53201644,132.25223,388.64541,J,10,195677615
80665479,132.24696,388.63496,J,1847159,132.247456,388.635905,J,10,195590691
80665479,132.24696,388.63496,J,1847159,132.247456,388.635905,J,10,195590690
80665480, , ,J,14006038,132.246321,388.649521,J,1,195590688
80665480, , ,J,14006038,132.246321,388.649521,J,1,195590687
80647064,132.187753,388.686111,J,5290014,132.18324,388.69703,J,1,195496264
80647064,132.187753,388.686111,J,2743067,132.194691,388.683881,J,1,195496263
80542502,132.230294,388.675797,J,80542501,132.230294,388.675797,J,10,195262318
32069177,132.236387,388.680151,H,80542501,132.230294,388.675797,J,10,195262317
40706891,132.184321,388.667887,G,80542502,132.230294,388.675797,J,10,195262316
80475241,132.227836,388.631946,J,57732762,132.226941,388.633799,J,1,195181138
77824032,132.296164,388.673891,J,37220822,132.31387,388.66923,J,1,195126577
77824032,132.296164,388.673891,J,54932594,132.28947,388.66936,J,1,195126576
77732008,132.194372,388.656885,J,78499405,132.188059,388.661038,J,1,195126574
77732008,132.194372,388.656885,J,8257967,132.197231,388.657591,J,1,195126573
39848724,132.313451,388.679481,H,23389884,132.31978,388.68103,J,1,195033598
23389884,132.31978,388.68103,J,1589753,132.337411,388.663481,J,10,195033596
3028961,132.31655,388.66075,J,1589753,132.337411,388.663481,J,10,195033595
17482493,132.29991,388.66784,J,3028961,132.31655,388.66075,J,10,195033593
80407669,132.180486,388.633679,J,76374980,132.184693,388.628426,J,1,195033592
80407669,132.180486,388.633679,J,55883310,132.18717,388.63231,J,1,195033591
65535214,132.284803,388.667067,J,17482493,132.29991,388.66784,J,10,195033590
39848747,132.266962,388.658861,H,65535214,132.284803,388.667067,J,10,195033589
4132295,131.97028,388.59245,J,2061941,131.968192,388.592131,H,1,194958463
4132295,131.97028,388.59245,J,5209097,131.93881,388.61859,J,1,194957622
5068398,132.244708,388.64615,J,16037941,132.25085,388.64537,J,1,194461103
1590170,132.17983,388.66952,J,80023629,132.187071,388.664599,J,1,194461101
19090257,132.183807,388.666965,J,80023629,132.187071,388.664599,J,1,194461100
29924947,132.231687,388.627579,J,80023628,132.228074,388.628036,J,1,194461097
79970295, , ,J,37220822,132.31387,388.66923,J,1,194208236
79970295, , ,J,37220822,132.31387,388.66923,J,1,194208235
79878684,132.273459,388.654032,J,11683967,132.266632,388.657792,J,1,194126188
79878684,132.273459,388.654032,J,7832949,132.26666,388.64975,J,1,194126187
4211325,131.874468,388.590649,J,79878683,131.865207,388.588788,J,1,194126186
22568647,131.869547,388.593441,J,79878683,131.865207,388.588788,J,1,194126185
77732005,132.236131,388.621381,J,49293309,132.239071,388.619241,J,1,194126183
48792328,132.27018,388.55611,J,79839241,132.24398,388.556177,J,1,194032671
50001237,132.245653,388.556969,J,79839241,132.24398,388.556177,J,1,194032670
46593843,132.340023,388.672362,J,79831308,132.336328,388.672589,J,1,194007812
8320468,132.33123,388.68646,J,79831308,132.336328,388.672589,J,1,194007811
40815457,132.235095,388.640013,J,8403038,132.235095,388.640013,J,0.1,193888550
40815457,132.235095,388.640013,J,8403038,132.235095,388.640013,J,0.1,193888549
73108868,131.962214,388.593337,J,79632180,131.962987,388.594211,J,1,193719792
5209097,131.93881,388.61859,J,79632180,131.962987,388.594211,J,1,193719791
79632155,132.205938,388.647396,J,37311233,132.20578,388.65343,J,1,193719782
44280949,131.95791,388.59653,J,4132281,131.94332,388.59805,J,1,193445222
4132293,131.93471,388.60417,J,4132281,131.94332,388.59805,J,1,193445221
78934108,132.236918,388.605731,J,8198027,132.232851,388.611341,J,1,193333453
45830392, , ,J,1587976,132.13245,388.62555,J,0.1,193271052
79330788,132.250211,388.559017,J,53678498,132.250144,388.560393,J,1,193169870
79330788,132.250211,388.559017,J,53678498,132.250144,388.560393,J,1,193169869
45830392, , ,J,1587976,132.13245,388.62555,J,0.1,193169866
79031654,132.252063,388.559583,J,3768419,132.24339,388.55776,J,1,192705003
79031654,132.252063,388.559583,J,23414886,132.242344,388.553231,J,1,192705002
79031653,132.252063,388.559583,J,48792409,132.258237,388.56134,J,1,192705001
79031653,132.252063,388.559583,J,53678498,132.250144,388.560393,J,1,192705000
78934110,132.33455,388.67581,J,78934111,132.33397,388.67295,J,1,192547541
1589753,132.337411,388.663481,J,78934111,132.33397,388.67295,J,1,192547540
78934109,132.33442,388.678001,J,78934110,132.33455,388.67581,J,1,192547537
8157073,132.32915,388.67683,J,78934109,132.33442,388.678001,J,1,192547536
78934108,132.236918,388.605731,J,46114640,132.231111,388.601411,J,1,192547520
73399920,132.278064,388.656783,J,78866368,132.274326,388.656879,J,10,192479372
39848747,132.266962,388.658861,H,78866368,132.274326,388.656879,J,10,192479371
78827354,132.23021,388.67886,J,26986546,132.226746,388.679729,J,1,192423093
77265256,132.098412,388.610844,J,78827353,132.10682,388.60905,J,1,192423079
4211335,132.099901,388.60029,J,78827353,132.10682,388.60905,J,1,192423078
78665086,132.339033,388.693555,J,8320468,132.33123,388.68646,J,1,192232867
78665086,132.339033,388.693555,J,72187797,132.333337,388.691271,J,1,192232866
1847375,132.24696,388.63496,J,78665085,132.24783,388.63519,J,1,192232865
49786185,132.248431,388.636381,J,78665085,132.24783,388.63519,J,1,192232864
29753433,132.23932,388.660133,J,78527926,132.242278,388.659268,J,1,192232854
78527926,132.242278,388.659268,J,61992700,132.242016,388.657809,J,1,192232853
29691369,132.229992,388.673339,J,78527925,132.228692,388.673428,J,1,192232852
8167582,132.223231,388.663322,J,78527925,132.228692,388.673428,J,1,192232851
78499405,132.188059,388.661038,J,78499407,132.180651,388.664005,J,1,192133070
24210804,132.17695,388.66545,J,78499407,132.180651,388.664005,J,1,192133069
78460087,132.26687,388.67523,J,24726016,132.25434,388.67705,J,1,192079394
78460086,132.153629,388.565208,J,58933530,132.151178,388.57403,J,1,192079393
78460086,132.153629,388.565208,J,59018595,132.141031,388.562991,J,1,192079387
8258014,132.18736,388.63729,J,78411833,132.187341,388.641714,J,1,191977528
35826399,132.182418,388.639225,J,78411833,132.187341,388.641714,J,1,191977527
78249609,132.227351,388.683261,J,36628739,132.231101,388.685311,J,1,191899373
78249609,132.227351,388.683261,J,47353994,132.21967,388.67621,J,1,191899370
23414886,132.242344,388.553231,J,78174716,132.245075,388.555223,J,1,191776376
3768419,132.24339,388.55776,J,78174716,132.245075,388.555223,J,1,191776375
78174673,132.234265,388.644395,J,63730701,132.236476,388.640345,J,1,191776371
78174673,132.234265,388.644395,J,63730700,132.238693,388.645889,J,1,191776370
77824030,132.251139,388.564301,J,29807114,132.244756,388.561192,J,1,191776369
77891087,132.226963,388.638774,J,38488142,132.231421,388.637611,J,1,191472477
77891087,132.226963,388.638774,J,51250762,132.231718,388.62758,J,1,191312314
77824030,132.251139,388.564301,J,36415923,132.245301,388.564151,J,1,191213710
77824027,132.307711,388.671025,J,31828002,132.306991,388.657111,J,1,191213709
77824027,132.307711,388.671025,J,29270393,132.303708,388.667129,J,1,191213708
77732007,132.227529,388.633659,J,20611328,132.225351,388.635551,J,1,191006670
77732007,132.227529,388.633659,J,38438330,132.24388,388.64125,J,1,191006669
5712531,132.186656,388.55887,J,77732006,132.181721,388.561411,J,1,191006666
77732006,132.181721,388.561411,J,19411658,132.178069,388.557741,J,1,191006665
77732004,132.113958,388.626543,J,2874664,132.099572,388.624243,J,1,191006659
77732004,132.113958,388.626543,J,43608191,132.124445,388.625894,J,1,191006658
77732009,132.191125,388.582329,J,50869876,132.196982,388.583065,J,1,191006655
77732009,132.191125,388.582329,J,34476320,132.192522,388.587403,J,1,191006654
77694510,132.222996,388.655099,J,23287507,132.220145,388.657911,J,1,190952902
77694510,132.222996,388.655099,J,23287510,132.22636,388.65402,J,1,190952901
77694509,132.230499,388.666458,J,16053866,132.23263,388.65886,J,1,190952898
77694509,132.230499,388.666458,J,8074644,132.22765,388.66696,J,1,190952897
3432523,132.27071,388.70022,J,77694507,132.270007,388.691367,J,1,190952892
50869880,132.270275,388.691396,J,77694507,132.270007,388.691367,J,1,190952891
77694508,132.277732,388.697778,J,1848773,132.27582,388.68344,J,1,190952884
49293309,132.239071,388.619241,J,42294471,132.206651,388.62322,H,1,190843960
77649014,132.236223,388.620386,J,49293309,132.239071,388.619241,J,1,190843956
77649014,132.236223,388.620386,J,70912701,132.229673,388.623054,J,1,190843955
77649005,132.184046,388.665001,J,37311229,132.176964,388.661956,J,1,190843937
77649005,132.184046,388.665001,J,48001241,132.180845,388.666175,J,1,190843936
77655267,131.962641,388.587078,J,53678496,131.968657,388.595117,J,1,190843009
3768411,132.10314,388.566601,J,45666165,132.104666,388.574613,J,1,190275832
77291222,132.220816,388.585285,J,8198028,132.21814,388.58504,J,1,190120954
77287757,132.310263,388.684442,J,54460782,132.312987,388.683064,J,1,190120947
77287757,132.310263,388.684442,J,73140634,132.311955,388.687047,J,1,190120946
77283703,132.177162,388.612467,J,51082581,132.175747,388.620272,J,1,190120931
77283703,132.177162,388.612467,J,1588802,132.19326,388.63085,J,1,190120930
4211351,132.11761,388.61578,J,77265256,132.098412,388.610844,J,1,190015376
77054750,132.184403,388.667753,J,1590170,132.17983,388.66952,J,1,189513409
77054750,132.184403,388.667753,J,40104040,132.184321,388.667887,J,1,189513407
5135655,132.179472,388.637308,J,77054751,132.182372,388.635479,J,1,189513401
30012218,132.183881,388.634591,J,77054751,132.182372,388.635479,J,1,189513400
77025132,132.243879,388.544166,J,3500815,132.28424,388.53813,J,1,189462236
77025132,132.243879,388.544166,J,73401074,132.238524,388.548113,J,1,189462234
13546362,132.180361,388.567911,J,76494437,132.177874,388.563137,J,1,188788180
35319223,132.18407,388.56274,J,76494437,132.177874,388.563137,J,1,188788179
76374979,132.221386,388.619304,J,38373886,132.21943,388.62702,J,1,188596666
55273326,132.18101,388.61671,J,76374980,132.184693,388.628426,J,1,188596659
55883310,132.18717,388.63231,J,76374980,132.184693,388.628426,J,1,188596658
8198041,132.209781,388.631571,J,76374978,132.220169,388.634248,J,10,188596657
42959922,132.235095,388.640013,H,76374978,132.220169,388.634248,J,10,188596656
76039292,132.260757,388.646185,J,53588738,132.259689,388.646248,J,1,188181628
76039292,132.260757,388.646185,J,53588738,132.259689,388.646248,J,1,188181621
1590772,132.086718,388.565823,H,29357488,132.252856,388.645792,G,1,187732485
1590772,132.086718,388.565823,H,1589765,131.98258,388.52944,H,1,187732484
69921519,132.13245,388.62555,H,40706891,132.184321,388.667887,G,1,187732483
70391971,132.229814,388.548116,H,29357488,132.252856,388.645792,G,1,187732482
69921520,132.18407,388.56274,H,70391971,132.229814,388.548116,H,0.1,187732481
69921520,132.18407,388.56274,H,69921519,132.13245,388.62555,H,0.1,187732480
39848747,132.266962,388.658861,H,29357488,132.252856,388.645792,G,1,187732479
49786186,132.222028,388.670301,J,47353993,132.213781,388.671211,J,10,187488925
5135467,132.24264,388.65246,J,8258001,132.241951,388.651421,J,1,187410083
75251139,132.263341,388.677731,J,29691368,132.261011,388.673562,J,1,187044692
39766807,132.264868,388.682849,J,75251139,132.263341,388.677731,J,1,187044691
4211206,131.91972,388.60366,J,11777671,131.82386,388.59134,J,1,186615017
45228845, , ,J,49191407,132.245156,388.624473,J,1,186448832
45228845, , ,J,22956211,132.25007,388.62373,J,1,186448831
49786186,132.222028,388.670301,J,20120524,132.22406,388.67203,J,10,186285747
74340986, , ,J,8320468,132.33123,388.68646,J,1,185441078
74340986, , ,J,35319220,132.328383,388.680933,J,1,185441077
40706891,132.184321,388.667887,G,24210804,132.17695,388.66545,J,10,185441074
24210804,132.17695,388.66545,J,8257967,132.197231,388.657591,J,1,185441073
50974477,132.186074,388.656322,J,40706891,132.184321,388.667887,G,1,185441068
50974477,132.186074,388.656322,J,2809742,132.16143,388.64197,J,1,185441067
73950069,132.228267,388.59499,J,24985220,132.249448,388.614345,J,1,184443225
73359947,132.227391,388.598098,J,73950069,132.228267,388.59499,J,1,184443224
73909846,132.242096,388.555503,J,23414886,132.242344,388.553231,J,1,184364701
73909846,132.242096,388.555503,J,24952190,132.24511,388.56896,J,1,184364700
26546983,132.206906,388.677135,J,40706891,132.184321,388.667887,G,1,184259037
48529820,132.223904,388.591064,H,73401074,132.238524,388.548113,J,1,183646199
15145331,132.253061,388.550351,J,73401074,132.238524,388.548113,J,1,183646198
73399920,132.278064,388.656783,J,8258003,132.29123,388.65971,J,10,183540122
73399919,132.124704,388.637271,J,3432477,132.11791,388.64997,J,1,183540116
73399919,132.124704,388.637271,J,3432478,132.12318,388.63115,J,1,183540115
73359947,132.227391,388.598098,J,46114640,132.231111,388.601411,J,1,183539194
8257972,132.28336,388.69084,J,73122050,132.293409,388.687403,J,10,183153881
23389883,132.323789,388.690145,J,73147819,132.32146,388.693639,J,10,183153874
39848724,132.313451,388.679481,H,73147819,132.32146,388.693639,J,10,183153873
34476318,132.318361,388.685257,J,73140634,132.311955,388.687047,J,1,183153870
54460782,132.312987,388.683064,J,73140634,132.311955,388.687047,J,1,183153869
49193997,132.273891,388.693781,J,73122050,132.293409,388.687403,J,10,183153865
39848724,132.313451,388.679481,H,73122050,132.293409,388.687403,J,10,183153864
22574347,132.202431,388.643371,J,73122046,132.200277,388.638701,J,1,183153860
60041336,132.20245,388.63426,J,73122046,132.200277,388.638701,J,1,183153859
16159008,131.965672,388.593104,J,73108868,131.962214,388.593337,J,1,183081382
22907268,132.20091,388.67538,J,72692540,132.205046,388.672057,J,10,182452797
40706891,132.184321,388.667887,G,72692540,132.205046,388.672057,J,10,182452796
72543970,131.960523,388.594511,J,2771151,131.95639,388.58818,J,0.1,182274178
72543970,131.960523,388.594511,J,18222048,131.948451,388.589251,J,0.1,182274177
72543971,132.236561,388.663552,J,50869878,132.237116,388.663779,J,1,182274173
72543971,132.236561,388.663552,J,8074647,132.22281,388.66769,J,1,182274172
53423622,132.33123,388.68646,J,72187797,132.333337,388.691271,J,1,181706950
23389883,132.323789,388.690145,J,72187797,132.333337,388.691271,J,1,181706949
42333389,132.209774,388.555372,J,72187796,132.229405,388.559237,J,1,181706946
20732827,132.227065,388.563562,J,72187796,132.229405,388.559237,J,1,181706945
8258007,132.332611,388.654951,J,35319220,132.328383,388.680933,J,1,181164314
20732827,132.227065,388.563562,J,25896356,132.225251,388.553621,J,1,180760317
3500812,132.203891,388.559781,J,2830393,132.21502,388.54729,J,1,180760311
16750299,132.24102,388.64801,J,71444074,132.248408,388.645871,J,10,180665529
20777907,132.248408,388.645871,J,71444074,132.248408,388.645871,J,10,180665528
53588738,132.259689,388.646248,J,16750301,132.260976,388.643551,J,10,180665522
16037939,132.25917,388.63997,J,16750301,132.260976,388.643551,J,10,180665521
71552029,132.23868,388.671354,J,31884204,132.23621,388.67141,J,1,180661424
71552029,132.23868,388.671354,J,31828004,132.240599,388.673885,J,1,180661423
71436804,132.246741,388.638203,J,49786185,132.248431,388.636381,J,1,180373856
71436804,132.246741,388.638203,J,49786185,132.248431,388.636381,J,1,180373855
42294478,132.240931,388.642084,J,71437187,132.252856,388.645792,J,1,180373834
39766811,132.252856,388.645792,J,71437187,132.252856,388.645792,J,1,180373833
17820904,132.25909,388.658647,J,71437186,132.25909,388.658647,J,10,180373828
50793919,132.231405,388.671804,J,71436803,132.224197,388.667248,J,10,180373827
49849059,132.224197,388.667248,J,71436803,132.224197,388.667248,J,10,180373826
71201299,132.261758,388.67115,J,8258009,132.264171,388.666561,J,1,179991138
71201299,132.261758,388.67115,J,45571356,132.24486,388.67493,J,1,179991137
46040774,132.21088,388.66818,J,70952911,132.200479,388.66282,J,1,179743215
23733408,132.20454,388.65669,J,70952911,132.200479,388.66282,J,1,179743213
70952910,132.226266,388.603837,J,49462698,132.225581,388.610161,J,1,179743208
48529820,132.223904,388.591064,H,70952910,132.226266,388.603837,J,1,179743207
70952909,132.247735,388.668483,J,10568661,132.243651,388.671251,J,1,179743197
70952909,132.247735,388.668483,J,20611352,132.266962,388.658861,J,1,179743196
70912701,132.229673,388.623054,J,29924947,132.231687,388.627579,J,1,179743177
29357488,132.252856,388.645792,G,14006029,132.262711,388.663981,J,1,179132364
10568661,132.243651,388.671251,J,70523786,132.248062,388.666126,J,1,179132363
29924948,132.252461,388.667847,J,70523786,132.248062,388.666126,J,1,179132362
3432478,132.12318,388.63115,J,40706891,132.184321,388.667887,G,1,179132352
3432477,132.11791,388.64997,J,3432478,132.12318,388.63115,J,1,179132351
4109961,132.12298,388.67109,J,4109976,132.11217,388.67257,J,1,179088606
5135573,132.10081,388.66214,J,4109976,132.11217,388.67257,J,1,179088605
4109961,132.12298,388.67109,J,19510786,132.118573,388.655751,J,1,179088597
3432477,132.11791,388.64997,J,19510786,132.118573,388.655751,J,1,179088596
70122683,132.201641,388.653519,J,40815459,132.20078,388.66013,J,1,178612478
70122683,132.201641,388.653519,J,23462857,132.199618,388.652346,J,1,178612477
69875107,132.230405,388.659902,J,23365884,132.225361,388.659591,J,1,178374310
5290013,132.06836,388.66404,J,5135573,132.10081,388.66214,J,1,178051891
5135573,132.10081,388.66214,J,14981740,132.1022,388.690695,J,1,178051890
5290013,132.06836,388.66404,J,4109965,132.05721,388.65719,J,1,178051883
1587971,132.023765,388.639514,H,43423728,132.02317,388.65645,J,1,178051853
4109965,132.05721,388.65719,J,43423728,132.02317,388.65645,J,1,178051852
45965648,132.014081,388.662118,J,43423728,132.02317,388.65645,J,1,178051851
44347101,132.248081,388.630321,J,69476279,132.246811,388.626581,J,1,178007481
14165640,132.247331,388.617131,J,69476279,132.246811,388.626581,J,1,178007480
13546358,132.247992,388.619861,J,24985220,132.249448,388.614345,J,1,177881541
13546358,132.247992,388.619861,J,24985220,132.249448,388.614345,J,1,177881540
19580371,132.126481,388.684426,J,4109961,132.12298,388.67109,J,1,177881528
69333266,132.244107,388.657434,J,61351754,132.244107,388.657434,J,1,177842138
61351755,132.244107,388.657434,J,69333266,132.244107,388.657434,J,1,177842137
22574347,132.202431,388.643371,J,69333263,132.204356,388.645165,J,1,177841930
35852324,132.229435,388.634987,J,38538372,132.227851,388.636261,J,1,177640497
20120524,132.22406,388.67203,J,32069177,132.236387,388.680151,H,1,177477071
68959498,132.22406,388.67203,J,32069177,132.236387,388.680151,H,1,177477069
30768417,132.222654,388.675024,J,68959498,132.22406,388.67203,J,10,177477068
55563706,132.254108,388.653329,J,14006029,132.262711,388.663981,J,1,177232438
8258009,132.264171,388.666561,J,34432709,132.261451,388.666204,J,1,176838704
29357488,132.252856,388.645792,G,47307646,132.261254,388.659677,J,10,176756287
17796422,132.251981,388.641961,J,14006037,132.25236,388.63983,J,1,176704143
15286460,132.250911,388.643011,J,17796422,132.251981,388.641961,J,10,176704142
31884206,132.25041,388.62811,J,14057310,132.250856,388.631526,J,10,175859498
51041374,132.22413,388.68887,J,17548771,132.228993,388.693441,J,10,175379738
13857998,132.277947,388.691845,J,49193997,132.273891,388.693781,J,1,175379719
8257972,132.28336,388.69084,J,13857998,132.277947,388.691845,J,1,175379718
31884204,132.23621,388.67141,J,66250873,132.230294,388.675797,J,1,174630432
7609295,132.230294,388.675797,J,66250873,132.230294,388.675797,J,1,174630431
14464977,132.228373,388.655371,J,65768360,132.226333,388.657656,J,1,174025444
23287507,132.220145,388.657911,J,65768360,132.226333,388.657656,J,1,174025443
29924947,132.231687,388.627579,J,65368807,132.228436,388.629189,J,1,173488091
59539347,132.234411,388.631181,J,65368807,132.228436,388.629189,J,1,173488090
25696840,132.31537,388.69014,J,64787843,132.27321,388.68837,J,1,172488275
50869880,132.270275,388.691396,J,64787843,132.27321,388.68837,J,1,172488274
1845662,132.237711,388.552831,J,3768419,132.24339,388.55776,J,1,172287680
1589200,132.247826,388.636719,J,11740475,132.247006,388.640351,J,1,171683632
24952190,132.24511,388.56896,J,1845662,132.237711,388.552831,J,1,171683628
15286456,132.220241,388.670631,J,49786186,132.222028,388.670301,J,0.1,171382762
15286456,132.220241,388.670631,J,49786186,132.222028,388.670301,J,0.1,171382761
42294478,132.240931,388.642084,J,63730701,132.236476,388.640345,J,1,171282625
61992700,132.242016,388.657809,J,63908753,132.243768,388.659067,J,1,171170677
61351755,132.244107,388.657434,J,63908753,132.243768,388.659067,J,1,171170676
1589609,132.252856,388.645792,H,15038070,132.25327,388.65819,J,1,171018947
30656926,132.236387,388.680151,J,63780553,132.23492,388.68115,J,1,170969066
63780553,132.23492,388.68115,J,54460783, , ,J,1,170969063
54460783, , ,J,63780553,132.23492,388.68115,J,1,170969062
63780552, , ,J,24243435,132.190767,388.656795,J,1,170969059
63780552, , ,J,24243435,132.190767,388.656795,J,1,170969058
63730700,132.238693,388.645889,J,63730701,132.236476,388.640345,J,1,170907829
63730700,132.238693,388.645889,J,40815457,132.235095,388.640013,J,1,170907827
24243433,132.24601,388.66371,J,63227349,132.243651,388.671251,J,10,168169653
38026542,132.243651,388.671251,J,63227349,132.243651,388.671251,J,10,168169652
60601878, , ,J,14006029,132.262711,388.663981,J,1,168108923
60601878, , ,J,14006029,132.262711,388.663981,J,1,168108922
2874634,132.19824,388.57286,J,61435863,132.195183,388.566897,J,1,167686318
2874634,132.19824,388.57286,J,50869876,132.196982,388.583065,J,1,167686316
50869876,132.196982,388.583065,J,36579939,132.209705,388.594669,J,10,167686315
36579939,132.209705,388.594669,J,61435862,132.206749,388.598389,J,10,167686312
2062478,132.229814,388.548116,H,61435862,132.206749,388.598389,J,10,167686310
1847008,132.245201,388.65329,J,1845646,132.249751,388.654261,J,1,167686306
1845646,132.249751,388.654261,J,46793733,132.251676,388.653876,J,1,167686305
49193997,132.273891,388.693781,J,8258017,132.26407,388.68671,J,10,167581282
8258017,132.26407,388.68671,J,42099678,132.256711,388.681863,J,10,167581281
24726016,132.25434,388.67705,J,42099678,132.256711,388.681863,J,10,167581279
27541847,132.240682,388.677189,J,24726016,132.25434,388.67705,J,1,167581278
32069177,132.236387,388.680151,H,27541847,132.240682,388.677189,J,10,167581277
23462859,132.245958,388.679168,J,32069177,132.236387,388.680151,H,1,167507891
23462859,132.245958,388.679168,J,61680649,132.25488,388.69381,J,10,167507890
1847234,132.206651,388.62322,J,42959922,132.235095,388.640013,H,10,167507888
1588802,132.19326,388.63085,J,1847234,132.206651,388.62322,J,10,167507887
1588802,132.19326,388.63085,J,51082581,132.175747,388.620272,J,1,167507886
51082581,132.175747,388.620272,J,61351756,132.177771,388.626951,J,10,167507885
61351756,132.177771,388.626951,J,7311186,132.16493,388.62691,J,10,167507884
3432523,132.27071,388.70022,J,61680649,132.25488,388.69381,J,10,167507883
7311186,132.16493,388.62691,J,39940185,132.20078,388.66013,H,10,167507882
3432523,132.27071,388.70022,J,25696840,132.31537,388.69014,J,1,167507881
25696840,132.31537,388.69014,J,34476318,132.318361,388.685257,J,10,167507880
54460782,132.312987,388.683064,J,39848724,132.313451,388.679481,H,10,167507878
36670303, , ,J,5605466,132.23429,388.63864,J,0.1,167377771
36670303, , ,J,5605466,132.23429,388.63864,J,0.1,167377770
26986546,132.226746,388.679729,J,32069177,132.236387,388.680151,H,1,167377762
49334179,132.24805,388.64597,J,29357488,132.252856,388.645792,G,1,167377761
24277231,132.22376,388.67845,J,26986546,132.226746,388.679729,J,1,167377758
1847159,132.247456,388.635905,J,49334179,132.24805,388.64597,J,10,167377757
37411378,132.20798,388.67841,J,24277231,132.22376,388.67845,J,10,167377756
8039796,132.245013,388.634751,J,1847159,132.247456,388.635905,J,10,167369715
37411378,132.20798,388.67841,J,22907268,132.20091,388.67538,J,1,167369714
37136211,132.24367,388.63642,J,8039796,132.245013,388.634751,J,10,167369713
25666590,132.24303,388.63478,J,37136211,132.24367,388.63642,J,10,167369709
41857010,132.239961,388.636201,J,25666590,132.24303,388.63478,J,10,167369708
37136212,132.23813,388.64023,J,41857010,132.239961,388.636201,J,1,167369707
49191402,132.23031,388.64875,J,39940185,132.20078,388.66013,H,10,167369706
43608189,132.235857,388.639066,J,37136212,132.23813,388.64023,J,10,167369705
8051312,132.231515,388.64279,J,49191402,132.23031,388.64875,J,1,167369704
43608189,132.235857,388.639066,J,42959922,132.235095,388.640013,H,10,167369702
42959922,132.235095,388.640013,H,8051312,132.231515,388.64279,J,1,167369701
62551059,132.088742,388.615886,J,3500813,132.06571,388.61078,J,0.1,166689094
62551059,132.088742,388.615886,J,35833976,132.091281,388.616571,J,1,166689090
51041374,132.22413,388.68887,J,62399650,132.231238,388.680211,J,1,166688978
49620619, , ,J,58613114,132.109646,388.580397,J,0.1,166688950
49620619, , ,J,58613114,132.109646,388.580397,J,0.1,166688949
44246187,132.187401,388.631071,J,55883310,132.18717,388.63231,J,1,166688945
1847330,132.24081,388.64871,J,61013147,132.25039,388.647536,J,0.1,166688936
1847330,132.24081,388.64871,J,61013147,132.25039,388.647536,J,0.1,166688935
50793919,132.231405,388.671804,J,61779017, , ,J,1,166688934
50793919,132.231405,388.671804,J,61779017, , ,J,1,166688933
62399650,132.231238,388.680211,J,30656926,132.236387,388.680151,J,1,166688916
48452930, , ,J,8429673,132.257141,388.657401,J,0.1,166688909
48452930, , ,J,8429673,132.257141,388.657401,J,0.1,166688908
62068827,132.223217,388.579326,J,23439892,132.223904,388.591064,J,1,165763728
2361909,132.232461,388.65955,J,44135046,132.23141,388.66159,J,1,165596554
2361909,132.232461,388.65955,J,44135046,132.23141,388.66159,J,1,165596553
8403030,132.20078,388.66013,J,45580580,132.208416,388.673015,J,0.1,165596550
8403030,132.20078,388.66013,J,45580580,132.208416,388.673015,J,0.1,165596549
45830393, , ,J,43608189,132.235857,388.639066,J,1,165004285
45830393, , ,J,41857010,132.239961,388.636201,J,1,165004279
3551524,132.18407,388.56274,H,61435863,132.195183,388.566897,J,1,164634113
50869879,132.18711,388.58042,J,61435863,132.195183,388.566897,J,1,164634111
2874634,132.19824,388.57286,J,21953721,132.212473,388.581351,J,1,164634106
8172004,132.24433,388.65953,J,61351754,132.244107,388.657434,J,1,164422324
61194937, , ,J,50004515,132.24793,388.65331,J,0.1,164073569
61194937, , ,J,50004515,132.24793,388.65331,J,0.1,164073568
60942228, , ,J,45228845, , ,J,0.1,163411282
60942228, , ,J,45228845, , ,J,0.1,163411281
60942227, , ,J,1846494,132.260458,388.658986,J,0.1,163411280
60942227, , ,J,1846494,132.260458,388.658986,J,0.1,163411279
45093216,132.25081,388.66092,J,40706891,132.184321,388.667887,G,1,163340007
45093216,132.25081,388.66092,J,24694159,132.25676,388.66179,J,10,163340006
24694159,132.25676,388.66179,J,47307646,132.261254,388.659677,J,10,163340001
60815521,132.246811,388.626581,J,31884206,132.25041,388.62811,J,1,163074806
60429295, , ,J,21663504,132.043451,388.490996,J,1,163074779
60429295, , ,J,21663504,132.043451,388.490996,J,1,163074778
17336067,131.881527,388.500458,J,12674230,131.90046,388.528453,J,1,163074777
49191407,132.245156,388.624473,J,60815521,132.246811,388.626581,J,1,163074744
20611352,132.266962,388.658861,J,60815520,132.25885,388.663779,J,1,163074742
29924948,132.252461,388.667847,J,60815520,132.25885,388.663779,J,1,163074741
8198045,132.236501,388.58507,J,48529820,132.223904,388.591064,H,10,162795426
22978666,132.235178,388.591976,J,8198045,132.236501,388.58507,J,1,162795422
53535315,132.236668,388.596545,J,22978666,132.235178,388.591976,J,10,162793580
46114640,132.231111,388.601411,J,53535315,132.236668,388.596545,J,10,162793576
46114640,132.231111,388.601411,J,8198027,132.232851,388.611341,J,1,162793574
24985220,132.249448,388.614345,J,8198027,132.232851,388.611341,J,1,162793572
24985220,132.249448,388.614345,J,48529819,132.273261,388.599589,H,10,162793567
60601875,132.218192,388.640103,J,23059756,132.22644,388.64689,J,1,162793566
60601875,132.218192,388.640103,J,23059756,132.22644,388.64689,J,1,162793565
20248788,132.20183,388.66614,J,60601874,132.204414,388.675458,J,10,162681047
51041374,132.22413,388.68887,J,60601874,132.204414,388.675458,J,10,162681046
60509136,132.241823,388.668751,J,24243433,132.24601,388.66371,J,1,162678473
60556593, , ,J,35319220,132.328383,388.680933,J,1,162567213
60556593, , ,J,35319220,132.328383,388.680933,J,1,162567212
60556592, , ,J,51459574,132.239347,388.634134,J,1,162567209
60556592, , ,J,51459574,132.239347,388.634134,J,1,162567208
60509141, , ,J,60509138, , ,J,1,162434199
60509141, , ,J,60509140, , ,J,1,162434198
60509137, , ,J,60509140, , ,J,1,162434197
60509137, , ,J,60509139, , ,J,1,162434195
60429296, , ,J,60509139, , ,J,1,162434194
60509138, , ,J,60429296, , ,J,1,162434193
60509136,132.241823,388.668751,J,60509135,132.243259,388.670513,J,1,162434164
60509135,132.243259,388.670513,J,10568661,132.243651,388.671251,J,1,162434158
60509133,132.245661,388.669267,J,60509134,132.244319,388.669628,J,1,162434156
10568661,132.243651,388.671251,J,60509134,132.244319,388.669628,J,1,162434155
60509132,132.244609,388.667877,J,60509133,132.245661,388.669267,J,1,162434154
8472088,132.243711,388.667351,J,60509132,132.244609,388.667877,J,1,162434153
60041336,132.20245,388.63426,J,23113254,132.215019,388.638451,J,10,162240862
39940185,132.20078,388.66013,H,8258000,132.187061,388.650141,J,10,162240858
60429296, , ,J,1590587,132.252856,388.645792,H,10,162240857
60429296, , ,J,1589609,132.252856,388.645792,H,10,162240856
60041335,132.17802,388.64734,J,8258000,132.187061,388.650141,J,10,162240855
59738823,132.171415,388.645528,J,60041335,132.17802,388.64734,J,10,162240850
59738824,132.17368,388.63911,J,59738823,132.171415,388.645528,J,10,162240846
8258014,132.18736,388.63729,J,59738824,132.17368,388.63911,J,10,162240843
60041336,132.20245,388.63426,J,8258014,132.18736,388.63729,J,10,162240842
23113254,132.215019,388.638451,J,42959922,132.235095,388.640013,H,10,162240836
58709258, , ,J,18221418,131.961235,388.591055,J,0.1,161878528
58709258, , ,J,18221418,131.961235,388.591055,J,0.1,161878527
53678498,132.250144,388.560393,J,48792409,132.258237,388.56134,J,1,161590024
53678498,132.250144,388.560393,J,48792328,132.27018,388.55611,J,1,161590001
45093217,132.25983,388.64981,J,58796576, , ,J,1,161488900
45093217,132.25983,388.64981,J,58796576, , ,J,1,161488899
60041336,132.20245,388.63426,J,30012218,132.183881,388.634591,J,1,161404868
49462699,132.247992,388.574594,J,2100670,132.255673,388.582758,J,1,161101206
5605467,132.26215,388.59342,J,2100670,132.255673,388.582758,J,1,161101205
53316801,132.24683,388.63851,J,1847078,132.246894,388.638263,J,1,160964036
53316801,132.24683,388.63851,J,49786185,132.248431,388.636381,J,1,160964033
3662822,132.232859,388.642399,J,14505464,132.234608,388.640529,J,1,160964027
59539347,132.234411,388.631181,J,58192099,132.233362,388.629681,J,1,160297317
32069177,132.236387,388.680151,H,1848773,132.27582,388.68344,J,1,160297315
1590587,132.252856,388.645792,H,1587561,132.252856,388.645792,J,0.1,160110000
59399475, , ,J,8074648,132.13029,388.62941,J,0.1,160015152
59399475, , ,J,8074648,132.13029,388.62941,J,0.1,160015151
59399474,131.966034,388.603653,J,4132295,131.97028,388.59245,J,1,160015142
59399474,131.966034,388.603653,J,20637907,132.023765,388.639514,J,1,160004041
20637907,132.023765,388.639514,J,1587971,132.023765,388.639514,H,1,160004040
5209097,131.93881,388.61859,J,20637907,132.023765,388.639514,J,1,160004039
19485687,131.992341,388.629632,J,1587971,132.023765,388.639514,H,1,160004038
59399476,132.246239,388.614221,J,45348835,132.24623,388.61116,J,10,160004037
27327822,132.246516,388.621731,J,59399476,132.246239,388.614221,J,10,160004036
19560122,132.242746,388.649295,J,5135472,132.243559,388.649338,J,1,159859178
59317784,132.195593,388.648485,J,23462857,132.199618,388.652346,J,1,159859174
1587557,132.13245,388.62555,H,58613114,132.109646,388.580397,J,0.1,159663112
59018595,132.141031,388.562991,J,58613114,132.109646,388.580397,J,0.1,159663111
58933530,132.151178,388.57403,J,59018595,132.141031,388.562991,J,1,159663110
58933529,132.166689,388.569699,J,58933530,132.151178,388.57403,J,1,159663109
58933529,132.166689,388.569699,J,58613115,132.185063,388.566353,J,10,159663107
39766811,132.252856,388.645792,J,13804176,132.252856,388.645792,J,1,159663105
35319223,132.18407,388.56274,J,3551524,132.18407,388.56274,H,1,159661800
35319223,132.18407,388.56274,J,58613115,132.185063,388.566353,J,10,159661797
24985220,132.249448,388.614345,J,27057191,132.238891,388.613904,J,1,159661791
58933530,132.151178,388.57403,J,17922885,132.155828,388.570472,J,1,159214118
13546362,132.180361,388.567911,J,58933529,132.166689,388.569699,J,1,159214104
37725524,132.249927,388.612325,J,48529819,132.273261,388.599589,H,10,159091488
45348835,132.24623,388.61116,J,37725524,132.249927,388.612325,J,10,159091484
46040776,132.242091,388.621321,J,27327822,132.246516,388.621731,J,10,159091475
53535316,132.250856,388.631526,J,46040776,132.242091,388.621321,J,10,159091473
29357488,132.252856,388.645792,G,53535316,132.250856,388.631526,J,10,159091471
58796577, , ,J,23389884,132.31978,388.68103,J,1,159019558
58796577, , ,J,23389884,132.31978,388.68103,J,1,159019557
53678496,131.968657,388.595117,J,2061941,131.968192,388.592131,H,1,158809477
19645570,131.962723,388.597231,J,53678496,131.968657,388.595117,J,1,158809476
36628739,132.231101,388.685311,J,32069177,132.236387,388.680151,H,1,158672785
31828004,132.240599,388.673885,J,32069177,132.236387,388.680151,H,1,158672777
31884204,132.23621,388.67141,J,31828004,132.240599,388.673885,J,1,158672776
31884204,132.23621,388.67141,J,23365885,132.21298,388.66245,J,10,158672772
58613114,132.109646,388.580397,J,17922885,132.155828,388.570472,J,1,158672771
23365885,132.21298,388.66245,J,14177675,132.214518,388.655306,J,10,158672770
14177675,132.214518,388.655306,J,40706891,132.184321,388.667887,G,1,158672768
8258002,132.20804,388.67201,J,40706891,132.184321,388.667887,G,1,158672762
8258002,132.20804,388.67201,J,53535314,132.20804,388.67201,J,10,158672761
23365881,132.21175,388.67414,J,53535314,132.20804,388.67201,J,10,158672760
19229443,132.213743,388.675857,J,23365881,132.21175,388.67414,J,10,158672756
19229443,132.213743,388.675857,J,47353994,132.21967,388.67621,J,1,158672754
36628739,132.231101,388.685311,J,47353994,132.21967,388.67621,J,1,158672752
58501063, , ,J,5605466,132.23429,388.63864,J,0.1,158553900
58501063, , ,J,5605466,132.23429,388.63864,J,0.1,158553899
24916389,132.16877,388.65675,J,1587557,132.13245,388.62555,H,1,158553897
23462857,132.199618,388.652346,J,24916389,132.16877,388.65675,J,1,158553894
23462857,132.199618,388.652346,J,40815459,132.20078,388.66013,J,1,158553889
40815459,132.20078,388.66013,J,40706891,132.184321,388.667887,G,1,158553888
58334086,132.212107,388.671444,J,47353993,132.213781,388.671211,J,10,158276662
58334086,132.212107,388.671444,J,47353993,132.213781,388.671211,J,10,158276661
58334085, , ,J,46040774,132.21088,388.66818,J,1,158276660
58334085, , ,J,46040774,132.21088,388.66818,J,1,158276659
47353993,132.213781,388.671211,J,44135045,132.205622,388.668264,J,10,158276653
44135045,132.205622,388.668264,J,40706891,132.184321,388.667887,G,1,158276652
24561272,132.199431,388.657561,J,39940185,132.20078,388.66013,H,10,158276648
8257967,132.197231,388.657591,J,24561272,132.199431,388.657561,J,10,158276645
58241163, , ,J,8429673,132.257141,388.657401,J,0.1,158172567
58241163, , ,J,8429673,132.257141,388.657401,J,0.1,158172566
58241162,132.260342,388.657973,J,44069158,132.260205,388.65777,J,1,158172561
8257976,132.160071,388.652221,J,58087706,132.180106,388.656444,J,10,157931367
55273325,132.180255,388.660415,J,58087706,132.180106,388.656444,J,10,157931366
27057191,132.238891,388.613904,J,8198027,132.232851,388.611341,J,1,157931365
57732762,132.226941,388.633799,J,38538372,132.227851,388.636261,J,1,157428175
5135472,132.243559,388.649338,J,41934057,132.24568,388.64954,J,1,157428170
19361011,132.164927,388.552216,J,20732826,132.166262,388.548202,J,1,156617949
3432466,132.169874,388.55738,J,19361011,132.164927,388.552216,J,1,156617948
24106807,132.041191,388.640266,J,4768614,132.034721,388.654081,J,1,155949216
51417392,132.06418,388.63088,J,24106807,132.041191,388.640266,J,1,155949215
56565770, , ,J,3500813,132.06571,388.61078,J,0.1,155661169
56565770, , ,J,3500813,132.06571,388.61078,J,0.1,155661168
8345808,132.247809,388.649022,J,39766811,132.252856,388.645792,J,1,154810608
48001241,132.180845,388.666175,J,39940185,132.20078,388.66013,H,10,154810607
37311229,132.176964,388.661956,J,48001241,132.180845,388.666175,J,1,154810605
55273325,132.180255,388.660415,J,37311229,132.176964,388.661956,J,1,154663089
37018465,132.13774,388.63381,J,8257976,132.160071,388.652221,J,10,154663087
55273326,132.18101,388.61671,J,37018465,132.13774,388.63381,J,10,154663084
55883310,132.18717,388.63231,J,55883311,132.19464,388.62149,J,10,154663082
55883311,132.19464,388.62149,J,8198041,132.209781,388.631571,J,10,154663081
1590587,132.252856,388.645792,H,1845635,132.25706,388.65445,J,1,154591934
8258002,132.20804,388.67201,J,10679497,132.211501,388.670891,J,1,154591925
8258002,132.20804,388.67201,J,10679497,132.211501,388.670891,J,1,154591924
44246187,132.187401,388.631071,J,55883310,132.18717,388.63231,J,1,154591921
25866154,132.229814,388.548116,J,35711469,132.241421,388.56317,J,1,154511801
41817509,132.233174,388.652859,J,55505368,132.230956,388.658461,J,1,154447954
44493225,132.235348,388.643721,J,41817509,132.233174,388.652859,J,1,154447953
42294479,132.191917,388.661747,J,25370919,132.190441,388.666717,J,10,154160544
55505368,132.230956,388.658461,J,11683973,132.234511,388.665541,J,1,154022280
35319220,132.328383,388.680933,J,36104007,132.320251,388.677601,J,1,153500158
54562282,132.260757,388.646185,J,53588738,132.259689,388.646248,J,1,153500146
54562282,132.260757,388.646185,J,53588738,132.259689,388.646248,J,1,153500145
24561274,132.27133,388.66227,J,39848747,132.266962,388.658861,H,10,153192298
17482495,132.27625,388.66357,J,24561274,132.27133,388.66227,J,10,153192297
54932594,132.28947,388.66936,J,17482495,132.27625,388.66357,J,0.1,153192295
54932594,132.28947,388.66936,J,37220822,132.31387,388.66923,J,1,153192294
37220822,132.31387,388.66923,J,39848724,132.313451,388.679481,H,10,153192293
3851135,132.28811,388.67766,J,54932594,132.28947,388.66936,J,1,153192291
24952190,132.24511,388.56896,J,48529819,132.273261,388.599589,H,10,153105595
24952190,132.24511,388.56896,J,8258012,132.234071,388.562721,J,10,153105594
8258012,132.234071,388.562721,J,23414886,132.242344,388.553231,J,1,153105590
23414886,132.242344,388.553231,J,48529820,132.223904,388.591064,H,10,153105589
41412319,132.293649,388.66578,J,8258003,132.29123,388.65971,J,10,153105571
48754939,132.24935,388.53173,J,48529820,132.223904,388.591064,H,10,153105565
49191397,132.252461,388.576711,J,48529819,132.273261,388.599589,H,10,153105560
50410519,132.313451,388.679481,J,50376652,132.311311,388.674461,J,10,152654577
13989313,132.25103,388.60865,J,48529819,132.273261,388.599589,H,10,152596084
29807114,132.244756,388.561192,J,48529820,132.223904,388.591064,H,10,152596080
46398146,132.24132,388.56378,J,48529819,132.273261,388.599589,H,10,152218663
2101917,132.238902,388.557507,J,48529820,132.223904,388.591064,H,10,152218641
38373890,132.22112,388.60103,J,48529820,132.223904,388.591064,H,10,152082671
54183237,132.248378,388.647082,J,39766811,132.252856,388.645792,J,1,152082669
3768416,132.24484,388.645103,J,54183237,132.248378,388.647082,J,1,152082668
5633616,132.24641,388.61389,J,48529819,132.273261,388.599589,H,10,152049908
22956211,132.25007,388.62373,J,48529819,132.273261,388.599589,H,10,152049902
1847757,132.280931,388.574381,J,48529819,132.273261,388.599589,H,10,152049900
5605467,132.26215,388.59342,J,48529819,132.273261,388.599589,H,10,152049899
49462699,132.247992,388.574594,J,48529820,132.223904,388.591064,H,10,152049895
25866151,132.273261,388.599589,J,48529819,132.273261,388.599589,H,10,152049891
24952191,132.24041,388.56692,J,48529819,132.273261,388.599589,H,10,151755446
23439892,132.223904,388.591064,J,48529820,132.223904,388.591064,H,10,151755441
30340785,132.234131,388.52021,J,53751628,132.236822,388.530294,J,1,151620801
20464645,132.234551,388.538348,J,53751628,132.236822,388.530294,J,1,151620800
8382665,131.961616,388.59083,J,18221418,131.961235,388.591055,J,0.1,151471162
45093217,132.25983,388.64981,J,53588738,132.259689,388.646248,J,1,151339239
16750299,132.24102,388.64801,J,53535313,132.246321,388.649521,J,10,151275325
14006038,132.246321,388.649521,J,53535313,132.246321,388.649521,J,10,151275324
53423623,132.222063,388.650192,J,23287510,132.22636,388.65402,J,1,151079110
53423623,132.222063,388.650192,J,23059756,132.22644,388.64689,J,1,151079109
8320468,132.33123,388.68646,J,53423622,132.33123,388.68646,J,10,151079099
44135047,132.249971,388.645831,J,1587561,132.252856,388.645792,J,0.1,150570752
7637709,132.244035,388.638676,J,40815457,132.235095,388.640013,J,1,150570748
53146787,132.276512,388.662397,J,17482495,132.27625,388.66357,J,0.1,150451894
5605554,132.324182,388.690582,J,23389883,132.323789,388.690145,J,1,150451892
13858122,132.256038,388.648839,J,2102623,132.25408,388.647645,J,1,150451886
50410519,132.313451,388.679481,J,45830394, , ,J,0.1,150387362
53146787,132.276512,388.662397,J,17482495,132.27625,388.66357,J,0.1,150385817
52838318,132.249869,388.649161,J,1589609,132.252856,388.645792,H,10,150385806
47886827,132.246081,388.649331,J,52838318,132.249869,388.649161,J,10,150385805
42294471,132.206651,388.62322,H,40706891,132.184321,388.667887,G,1,149893940
48001244,132.130722,388.653931,J,41152842,132.128903,388.628834,J,1,149834453
48529819,132.273261,388.599589,H,29357488,132.252856,388.645792,G,1,149479817
48529820,132.223904,388.591064,H,48529819,132.273261,388.599589,H,10,149479816
48529820,132.223904,388.591064,H,42294471,132.206651,388.62322,H,1,149479815
16750298,132.25193,388.63558,J,52223098,132.252868,388.623762,J,1,149380331
49300861,132.254803,388.627931,J,52223098,132.252868,388.623762,J,1,149380330
3851108,132.230426,388.672425,J,8166463,132.23141,388.66159,J,1,149156771
2102589,132.231838,388.668576,J,2362020,132.232893,388.656342,J,1,149156770
8074649,132.261772,388.656891,J,5209243,132.261614,388.657029,J,1,149156756
50341345,132.294491,388.668411,J,41412319,132.293649,388.66578,J,10,149102824
50376652,132.311311,388.674461,J,50341345,132.294491,388.668411,J,1,149102820
21026441,132.224616,388.629947,J,2568243,132.227197,388.630195,J,1,149067710
50410519,132.313451,388.679481,J,39848724,132.313451,388.679481,H,10,149067704
13989313,132.25103,388.60865,J,4109963,132.25121,388.601963,J,1,149067702
24916386,132.22925,388.64235,J,2101881,132.23199,388.640925,J,1,149010728
42959922,132.235095,388.640013,H,51459574,132.239347,388.634134,J,1,147566844
8166466,132.24267,388.63777,J,51459574,132.239347,388.634134,J,1,147566843
51417392,132.06418,388.63088,J,19510787,132.071928,388.629531,J,1,147498533
5135567,132.05399,388.64739,J,51417392,132.06418,388.63088,J,1,147498531
4768614,132.034721,388.654081,J,51417392,132.06418,388.63088,J,1,147498530
3500814,132.26474,388.54006,J,51250761,132.275914,388.540132,J,1,147175877
3500815,132.28424,388.53813,J,51250761,132.275914,388.540132,J,1,147174016
30656926,132.236387,388.680151,J,51120159,132.22813,388.69329,J,10,147082096
51120159,132.22813,388.69329,J,17548771,132.228993,388.693441,J,10,147082095
20248788,132.20183,388.66614,J,40706891,132.184321,388.667887,G,1,147082089
32069177,132.236387,388.680151,H,30656926,132.236387,388.680151,J,1,147082082
3551524,132.18407,388.56274,H,50965915,132.220624,388.545873,J,1,146695637
40454005,132.203257,388.541204,J,50965915,132.220624,388.545873,J,1,146695636
50869877,132.234431,388.664751,J,11683973,132.234511,388.665541,J,1,146483919
50869877,132.234431,388.664751,J,50869878,132.237116,388.663779,J,1,146483918
34476320,132.192522,388.587403,J,50869879,132.18711,388.58042,J,1,146483908
32069177,132.236387,388.680151,H,50793919,132.231405,388.671804,J,10,146348173
8074647,132.22281,388.66769,J,39940185,132.20078,388.66013,H,10,146348170
11683973,132.234511,388.665541,J,8074647,132.22281,388.66769,J,1,146348169
46967541,132.188131,388.679192,J,18221103,132.171365,388.677516,J,1,146086400
39848747,132.266962,388.658861,H,50612895,132.262455,388.670302,J,1,146009885
41342540,132.261011,388.673062,J,50612895,132.262455,388.670302,J,1,146009884
32069177,132.236387,388.680151,H,34476315,132.265791,388.680575,J,1,145942983
39848747,132.266962,388.658861,H,20611352,132.266962,388.658861,J,1,145870804
24243433,132.24601,388.66371,J,20611352,132.266962,388.658861,J,1,145870800
50479283,132.24194,388.65301,J,5135467,132.24264,388.65246,J,1,145739037
45830391,132.238761,388.648578,J,50479283,132.24194,388.65301,J,1,145738916
2101870,132.242384,388.675437,J,8258009,132.264171,388.666561,J,1,145738915
8258009,132.264171,388.666561,J,45571356,132.24486,388.67493,J,1,145738914
50479282,132.250274,388.654363,J,8039792,132.250421,388.649591,J,1,145738913
1590587,132.252856,388.645792,H,50479282,132.250274,388.654363,J,1,145738909
50410520,132.30721,388.67504,J,50341345,132.294491,388.668411,J,1,145570178
50410519,132.313451,388.679481,J,50410520,132.30721,388.67504,J,1,145570113
45830394, , ,J,50410519,132.313451,388.679481,J,0.1,145570111
48042031,132.30507,388.670637,J,50410519,132.313451,388.679481,J,0.1,145570110
31794564,132.32941,388.68458,J,35319220,132.328383,388.680933,J,1,145483923
1847011,132.25411,388.64226,J,1847161,132.256656,388.641998,J,1,145304107
42879585,132.259561,388.643561,J,1847161,132.256656,388.641998,J,1,145304106
48042031,132.30507,388.670637,J,50341345,132.294491,388.668411,J,1,145304100
3500811,132.318201,388.67832,J,50292120,132.299881,388.667811,J,1,145250643
50292120,132.299881,388.667811,J,17482493,132.29991,388.66784,J,10,145250641
1589609,132.252856,388.645792,H,50292119,132.25101,388.65319,J,1,145250640
8039792,132.250421,388.649591,J,50292119,132.25101,388.65319,J,1,145250639
8429673,132.257141,388.657401,J,1589609,132.252856,388.645792,H,10,144970780
17313124,132.261727,388.654109,J,8429673,132.257141,388.657401,J,0.1,144970779
45093217,132.25983,388.64981,J,17313124,132.261727,388.654109,J,10,144970776
16037939,132.25917,388.63997,J,1590587,132.252856,388.645792,H,10,144970770
49849061,132.23631,388.64921,J,49191402,132.23031,388.64875,J,1,144775587
50001237,132.245653,388.556969,J,11764681,132.246031,388.558291,J,1,144619285
40104041,132.206651,388.62322,J,42294471,132.206651,388.62322,H,1,144619279
40104041,132.206651,388.62322,J,8230253,132.226041,388.616811,J,1,144619278
50004515,132.24793,388.65331,J,1847752,132.258662,388.658577,J,1,144612112
49393520,132.247534,388.653587,J,50004515,132.24793,388.65331,J,0.1,144612111
49956419,131.98344,388.61532,J,4235428,131.96784,388.60862,J,1,144529940
44254148,131.99126,388.62341,J,49956419,131.98344,388.61532,J,1,144529939
4211255,132.00707,388.622101,J,49956419,131.98344,388.61532,J,1,144529937
18955458,132.241709,388.65117,J,49956417,132.24652,388.651016,J,1,144529929
1845583,132.24781,388.65129,J,49956417,132.24652,388.651016,J,1,144529928
22907265,132.21683,388.66744,J,30768417,132.222654,388.675024,J,10,144460038
22907265,132.21683,388.66744,J,46040774,132.21088,388.66818,J,1,144460037
46040774,132.21088,388.66818,J,47423254,132.206411,388.661821,J,10,144459956
23733408,132.20454,388.65669,J,47423254,132.206411,388.661821,J,10,144459954
23733408,132.20454,388.65669,J,40706891,132.184321,388.667887,G,1,144459952
49886617,132.210675,388.676574,J,19229443,132.213743,388.675857,J,1,144393470
49886617,132.210675,388.676574,J,8258002,132.20804,388.67201,J,1,144393469
49886618,132.188382,388.653396,J,3551350,132.196396,388.653264,J,1,144393468
24243435,132.190767,388.656795,J,24916389,132.16877,388.65675,J,1,144393467
49886618,132.188382,388.653396,J,24243435,132.190767,388.656795,J,1,144393466
1587971,132.023765,388.639514,H,49886616,132.02754,388.64039,J,1,144393460
4768614,132.034721,388.654081,J,49886616,132.02754,388.64039,J,1,144393458
49849061,132.23631,388.64921,J,8051312,132.231515,388.64279,J,1,144304830
18221422,132.212107,388.665869,J,49849059,132.224197,388.667248,J,10,144304828
49849058,132.262491,388.670278,J,32069177,132.236387,388.680151,H,1,144304820
49849060,132.247701,388.646866,J,2062488,132.24769,388.64757,J,1,144278134
1847248,132.253702,388.642577,J,49849060,132.247701,388.646866,J,1,144278131
49849058,132.262491,388.670278,J,39848747,132.266962,388.658861,H,10,144278129
48082981,132.217555,388.681479,J,32069177,132.236387,388.680151,H,1,144086696
45563651,132.21529,388.68393,J,48082981,132.217555,388.681479,J,10,144086695
49786185,132.248431,388.636381,J,1847078,132.246894,388.638263,J,1,144086685
49786184,132.249078,388.638044,J,49786185,132.248431,388.636381,J,1,144086684
16037940, , ,J,45563651,132.21529,388.68393,J,10,143960163
16037940, , ,J,24210805,132.209761,388.681101,J,10,143960162
24210805,132.209761,388.681101,J,14505460,132.207101,388.682407,J,1,143960161
14505460,132.207101,388.682407,J,37411380,132.20391,388.68141,J,10,143960160
37411380,132.20391,388.68141,J,26546983,132.206906,388.677135,J,10,143960157
46398146,132.24132,388.56378,J,49689943,132.237081,388.556161,J,1,143905426
49689943,132.237081,388.556161,J,2101917,132.238902,388.557507,J,1,143905425
49620620,132.228386,388.644809,J,24916386,132.22925,388.64235,J,10,143702130
23059756,132.22644,388.64689,J,49620620,132.228386,388.644809,J,10,143702129
49393519,132.234751,388.669151,J,44135046,132.23141,388.66159,J,1,143702096
8230253,132.226041,388.616811,J,49462698,132.225581,388.610161,J,1,143315138
23439892,132.223904,388.591064,J,37358806,132.230088,388.574757,J,1,143234518
47886826,132.227971,388.571408,J,37358806,132.230088,388.574757,J,1,143234517
25980608,132.221475,388.569815,J,47886826,132.227971,388.571408,J,10,143234516
25980608,132.221475,388.569815,J,25866154,132.229814,388.548116,J,10,143234514
25866154,132.229814,388.548116,J,37358785,132.238567,388.557381,J,10,143234511
24952191,132.24041,388.56692,J,37358785,132.238567,388.557381,J,10,143234510
49393521,132.20581,388.67218,J,22907268,132.20091,388.67538,J,1,143163514
29042279,132.205429,388.673503,J,49393521,132.20581,388.67218,J,1,143163511
49393519,132.234751,388.669151,J,23059754,132.23498,388.67413,J,1,143163508
49393520,132.247534,388.653587,J,1589609,132.252856,388.645792,H,10,143163507
49334178,132.24696,388.63643,J,15757541,132.240741,388.637911,J,1,142982977
49334178,132.24696,388.63643,J,1845656,132.247092,388.636287,J,1,142982975
49300861,132.254803,388.627931,J,15186639,132.256861,388.636521,J,1,142982972
49272012,132.26564,388.61439,J,25866151,132.273261,388.599589,J,1,142866242
49272011,132.212241,388.659761,J,18221422,132.212107,388.665869,J,1,142866241
49272012,132.26564,388.61439,J,19336466,132.262741,388.609476,J,1,142866240
49272011,132.212241,388.659761,J,25696838,132.208141,388.658381,J,1,142866239
3500814,132.26474,388.54006,J,49236081,132.254467,388.537332,J,1,142774316
15145331,132.253061,388.550351,J,49236081,132.254467,388.537332,J,1,142774314
49194001,132.190859,388.653838,J,23462857,132.199618,388.652346,J,1,142676293
49194001,132.190859,388.653838,J,24916389,132.16877,388.65675,J,1,142676292
29357488,132.252856,388.645792,G,1845583,132.24781,388.65129,J,1,142676268
1588524,132.23301,388.64648,J,49191402,132.23031,388.64875,J,1,142676258
46398147,131.845183,388.510505,J,46398148,131.867302,388.494304,J,1,142676244
46398147,131.845183,388.510505,J,15412312,131.873879,388.512079,J,1,142676243
49191397,132.252461,388.576711,J,48452929,132.255265,388.574445,J,1,142676235
49191397,132.252461,388.576711,J,49029325,132.253692,388.568673,J,10,142676230
19090257,132.183807,388.666965,J,18625734,132.167487,388.662945,J,1,142676180
8198043,132.26197,388.56953,J,25896359,132.252622,388.572125,J,10,142676176
8198043,132.26197,388.56953,J,49191389,132.270217,388.568145,J,10,142676174
49191389,132.270217,388.568145,J,48792409,132.258237,388.56134,J,1,142676169
8258015,132.193681,388.671611,J,42294479,132.191917,388.661747,J,1,142676141
49029325,132.253692,388.568673,J,25896359,132.252622,388.572125,J,10,142676137
48792409,132.258237,388.56134,J,15859653,132.252738,388.561553,J,1,141864634
48792328,132.27018,388.55611,J,48792409,132.258237,388.56134,J,1,141864632
48792328,132.27018,388.55611,J,48754940,132.286311,388.554404,J,10,141864627
48754940,132.286311,388.554404,J,31828003,132.288003,388.560076,J,1,141808603
48754939,132.24935,388.53173,J,48754940,132.286311,388.554404,J,10,141808600
14006038,132.246321,388.649521,J,47886827,132.246081,388.649331,J,10,141741091
20777907,132.248408,388.645871,J,1590587,132.252856,388.645792,H,10,141741074
48686242,132.22439,388.643791,J,23059756,132.22644,388.64689,J,1,141655331
48686242,132.22439,388.643791,J,24916386,132.22925,388.64235,J,10,141655330
48452929,132.255265,388.574445,J,8198043,132.26197,388.56953,J,1,140971475
34476315,132.265791,388.680575,J,35799621,132.266064,388.681625,J,1,140495633
19867677,132.246297,388.656424,J,39848747,132.266962,388.658861,H,10,140359655
8172004,132.24433,388.65953,J,38538373,132.240316,388.661312,J,1,140241745
38538373,132.240316,388.661312,J,14037310,132.23921,388.66669,J,10,140241744
37058338,132.237826,388.667881,J,14037310,132.23921,388.66669,J,10,140241743
32069177,132.236387,388.680151,H,37058338,132.237826,388.667881,J,10,140241742
3551524,132.18407,388.56274,H,48082980,132.035613,388.522928,J,1,140047366
3835853,132.041183,388.567059,J,48082980,132.035613,388.522928,J,1,140047365
48001244,132.130722,388.653931,J,17336061,132.14806,388.660051,J,1,139916699
8074648,132.13029,388.62941,J,48001244,132.130722,388.653931,J,1,139916698
37018463,132.095721,388.615581,J,48001243,132.090588,388.611438,J,1,139916696
15226909,132.09464,388.60372,J,48001243,132.090588,388.611438,J,1,139916695
48001242,132.001761,388.526442,J,5245514,132.00995,388.51926,J,1,139916693
25370919,132.190441,388.666717,J,40706891,132.184321,388.667887,G,1,139916675
45537580,132.19971,388.65942,J,42294479,132.191917,388.661747,J,1,139916666
25696838,132.208141,388.658381,J,45537580,132.19971,388.65942,J,1,139916661
45537581,132.21005,388.66169,J,25696838,132.208141,388.658381,J,1,139916660
18221422,132.212107,388.665869,J,45537581,132.21005,388.66169,J,10,139916657
47816438,132.332717,388.681939,J,8320468,132.33123,388.68646,J,1,139564776
47816438,132.332717,388.681939,J,35319220,132.328383,388.680933,J,1,139564775
46967541,132.188131,388.679192,J,2743067,132.194691,388.683881,J,1,138078985
19940303,132.065672,388.557841,J,46877723,132.079357,388.566858,J,1,137917439
5209096,132.080369,388.597929,J,46877723,132.079357,388.566858,J,1,137917438
1847241,132.253374,388.654547,J,46793733,132.251676,388.653876,J,1,137755404
5633503,131.914658,388.717125,J,46752308,131.90606,388.69623,J,1,137675165
46752307,131.912423,388.688046,J,46752308,131.90606,388.69623,J,1,137675164
21615104,131.910088,388.702414,J,5633503,131.914658,388.717125,J,1,137675162
12987146,131.923782,388.672085,J,46752307,131.912423,388.688046,J,1,137675159
44620389,132.209262,388.68772,J,45563651,132.21529,388.68393,J,10,137624833
46709495,131.96385,388.66615,J,5209091,131.981122,388.64894,J,1,137624831
46593844,132.26712,388.66333,J,39848747,132.266962,388.658861,H,10,137375403
23733407,132.270681,388.665974,J,46593844,132.26712,388.66333,J,1,137375402
46593843,132.340023,388.672362,J,37358807,132.339931,388.672401,J,1,137375393
46443772,131.969366,388.693309,J,5209091,131.981122,388.64894,J,1,137134121
22713199,131.955583,388.698205,J,46443772,131.969366,388.693309,J,1,137134120
46398146,132.24132,388.56378,J,16182765,132.234527,388.554761,J,1,137066766
15412312,131.873879,388.512079,J,46398145,131.89672,388.517862,J,1,137066763
17336067,131.881527,388.500458,J,46398145,131.89672,388.517862,J,1,137066762
46398144,131.912384,388.575763,J,5209090,131.933434,388.549495,J,1,137066761
46398143,131.884267,388.659413,J,17336065,131.900568,388.665126,J,1,137066756
11740468,131.78255,388.57853,J,46114641,131.803622,388.593263,J,1,136582844
23389882,131.825473,388.602708,J,46114641,131.803622,388.593263,J,1,136582843
46040777,131.858152,388.548102,J,15650783,131.864555,388.541644,J,1,136371014
4211325,131.874468,388.590649,J,46040777,131.858152,388.548102,J,1,136371013
46040775,131.910276,388.545329,J,12674228,131.901543,388.53613,J,1,136359008
13989350,131.91647,388.53296,J,46040775,131.910276,388.545329,J,1,136359007
45921958,132.151402,388.637578,J,7311187,132.152609,388.629089,J,1,136172374
19560120,132.158045,388.633782,J,45921958,132.151402,388.637578,J,1,136172373
42959922,132.235095,388.640013,H,45830391,132.238761,388.648578,J,1,136044759
39848747,132.266962,388.658861,H,39848724,132.313451,388.679481,H,10,136044753
32069177,132.236387,388.680151,H,39848724,132.313451,388.679481,H,10,136044752
29270392,132.308281,388.679191,J,39848724,132.313451,388.679481,H,10,136044728
39848724,132.313451,388.679481,H,14124724,132.302581,388.672371,J,1,136044725
1587557,132.13245,388.62555,H,45666165,132.104666,388.574613,J,1,135690364
15145328,132.247939,388.632392,J,29357488,132.252856,388.645792,G,1,135657580
37358807,132.339931,388.672401,J,35319220,132.328383,388.680933,J,1,135657575
43365082,132.260232,388.651962,J,19090260,132.257781,388.654472,J,1,135542743
43365083,132.257744,388.653098,J,2101866,132.25849,388.65344,J,1,135542739
2101870,132.242384,388.675437,J,45571356,132.24486,388.67493,J,1,135542734
45571356,132.24486,388.67493,J,32069177,132.236387,388.680151,H,1,135531866
14150204,132.197612,388.661911,J,45537580,132.19971,388.65942,J,1,135443236
44620389,132.209262,388.68772,J,14505460,132.207101,388.682407,J,1,133615347
37311233,132.20578,388.65343,J,39940185,132.20078,388.66013,H,10,133459951
37311233,132.20578,388.65343,J,23287507,132.220145,388.657911,J,1,133459950
44254147,132.220579,388.653251,J,23287507,132.220145,388.657911,J,1,133459947
23287510,132.22636,388.65402,J,44254147,132.220579,388.653251,J,10,133459946
37311232,132.22646,388.64988,J,23287510,132.22636,388.65402,J,1,133459945
23059756,132.22644,388.64689,J,37311232,132.22646,388.64988,J,10,133459940
14057427,132.239111,388.653761,J,44545750,132.23728,388.653555,J,1,133459928
44545750,132.23728,388.653555,J,44545751,132.23728,388.653555,J,1,133459926
44545751,132.23728,388.653555,J,1847291,132.228947,388.652818,J,1,133459922
3662822,132.232859,388.642399,J,44493225,132.235348,388.643721,J,1,133385235
44493225,132.235348,388.643721,J,14505464,132.234608,388.640529,J,1,133385234
20120525,132.247879,388.639712,J,1847332,132.247809,388.638572,J,1,133385230
20120525,132.247879,388.639712,J,1845656,132.247092,388.636287,J,1,133385089
1847332,132.247809,388.638572,J,29357488,132.252856,388.645792,G,1,133385088
1845656,132.247092,388.636287,J,1847332,132.247809,388.638572,J,1,133385087
44347101,132.248081,388.630321,J,26762541,132.246818,388.628732,J,1,133235644
26762541,132.246818,388.628732,J,44347102,132.24852,388.62764,J,1,133235641
44347102,132.24852,388.62764,J,15145328,132.247939,388.632392,J,1,133235639
3551349,132.247697,388.634308,J,4132372,132.24837,388.63461,J,1,133084556
4132372,132.24837,388.63461,J,5560971,132.25361,388.64329,J,1,133084523
8382665,131.961616,388.59083,J,44280949,131.95791,388.59653,J,1,133084517
29413241,131.953814,388.593411,J,44280949,131.95791,388.59653,J,1,133084512
44200664,132.307798,388.665799,J,29270393,132.303708,388.667129,J,1,132937468
1845605,132.24856,388.64654,J,1847191,132.250194,388.648243,J,1,132937441
43332024,132.248441,388.647101,J,1845605,132.24856,388.64654,J,1,132937432
44254153,131.96921,388.48856,J,1589765,131.98258,388.52944,H,1,132937425
15238519,131.98145,388.48796,J,44254153,131.96921,388.48856,J,1,132937424
15286453,131.991827,388.570091,J,44254152,131.958452,388.554623,J,1,132937421
4235431,131.96442,388.57932,J,44254152,131.958452,388.554623,J,1,132937420
44254148,131.99126,388.62341,J,4211255,132.00707,388.622101,J,1,132937414
8167582,132.223231,388.663322,J,44135046,132.23141,388.66159,J,1,132686547
44135047,132.249971,388.645831,J,1587561,132.252856,388.645792,J,0.1,132686522
44135046,132.23141,388.66159,J,23059754,132.23498,388.67413,J,1,132686512
44069158,132.260205,388.65777,J,1846494,132.260458,388.658986,J,0.1,132508399
40562859,132.260342,388.657973,J,44069158,132.260205,388.65777,J,1,132508397
44069158,132.260205,388.65777,J,43913814,132.260342,388.657973,J,0.1,132508396
5534379,132.260342,388.657973,J,44069158,132.260205,388.65777,J,1,132508395
2101866,132.25849,388.65344,J,44069158,132.260205,388.65777,J,1,132508394
40815457,132.235095,388.640013,J,1589818,132.243711,388.642771,J,1,132231506
38373886,132.21943,388.62702,J,43884286,132.214261,388.615001,J,1,132079949
38373890,132.22112,388.60103,J,43884286,132.214261,388.615001,J,1,132079919
18221422,132.212107,388.665869,J,14150204,132.197612,388.661911,J,1,131699874
25370919,132.190441,388.666717,J,8258015,132.193681,388.671611,J,1,131699873
2061941,131.968192,388.592131,H,5209240,131.947322,388.576047,J,1,131596370
20732805,131.971661,388.630268,J,2061941,131.968192,388.592131,H,1,131596364
14006040,132.005635,388.552291,J,43658586,132.000863,388.567352,J,1,131478825
15286453,131.991827,388.570091,J,43658586,132.000863,388.567352,J,1,131478824
19485694,131.971634,388.603535,J,2061941,131.968192,388.592131,H,1,131478817
23138318,131.967229,388.586696,J,2061941,131.968192,388.592131,H,1,131478816
4235431,131.96442,388.57932,J,23138318,131.967229,388.586696,J,1,131478815
18222048,131.948451,388.589251,J,2061941,131.968192,388.592131,H,1,131478813
4235428,131.96784,388.60862,J,2061941,131.968192,388.592131,H,1,131478812
43198612,132.143768,388.629328,J,1587976,132.13245,388.62555,J,0.1,131422426
43608191,132.124445,388.625894,J,40706891,132.184321,388.667887,G,1,131422421
2874664,132.099572,388.624243,J,43608191,132.124445,388.625894,J,1,131422420
5209094,131.98258,388.52944,J,1589765,131.98258,388.52944,H,1,131232599
1589765,131.98258,388.52944,H,1590772,132.086718,388.565823,H,1,131206204
2061942,131.932601,388.600031,H,2061935,131.86991,388.53171,H,10,131206203
1587971,132.023765,388.639514,H,2061941,131.968192,388.592131,H,1,131206202
1587971,132.023765,388.639514,H,40706891,132.184321,388.667887,G,1,131206201
2061942,131.932601,388.600031,H,2061941,131.968192,388.592131,H,1,131206200
1589765,131.98258,388.52944,H,2061935,131.86991,388.53171,H,10,131206199
1590772,132.086718,388.565823,H,29357488,132.252856,388.645792,G,1,131206198
43423726,132.193171,388.713871,J,5290014,132.18324,388.69703,J,1,131044380
43365082,132.260232,388.651962,J,43365083,132.257744,388.653098,J,1,130972634
2062488,132.24769,388.64757,J,43332024,132.248441,388.647101,J,1,130891662
25666591,132.25197,388.59706,J,43236380,132.254474,388.600735,J,10,130710503
35175449,132.251813,388.603406,J,43236380,132.254474,388.600735,J,10,130710502
43198612,132.143768,388.629328,J,7311187,132.152609,388.629089,J,1,130710500
24916386,132.22925,388.64235,J,42959922,132.235095,388.640013,H,10,129909451
40104040,132.184321,388.667887,J,1590170,132.17983,388.66952,J,1,129909447
22931310,132.25915,388.61031,J,29357488,132.252856,388.645792,G,1,129909446
40104040,132.184321,388.667887,J,40706891,132.184321,388.667887,G,1,129909441
40706891,132.184321,388.667887,G,18221103,132.171365,388.677516,J,1,129839836
2743067,132.194691,388.683881,J,39940185,132.20078,388.66013,H,10,129839833
39940185,132.20078,388.66013,H,1587976,132.13245,388.62555,J,0.1,129839566
7311187,132.152609,388.629089,J,42959922,132.235095,388.640013,H,10,129839562
42959922,132.235095,388.640013,H,14464984,132.233221,388.649161,J,1,129771735
39940185,132.20078,388.66013,H,1847291,132.228947,388.652818,J,1,129771731
18221109,132.238912,388.649899,J,29357488,132.252856,388.645792,G,1,129771721
10584918,132.245764,388.642112,J,29357488,132.252856,388.645792,G,1,129771719
14057427,132.239111,388.653761,J,29357488,132.252856,388.645792,G,1,129771718
42959922,132.235095,388.640013,H,38584533,132.23601,388.63657,J,1,129771716
42959922,132.235095,388.640013,H,5605466,132.23429,388.63864,J,0.1,129684457
42959922,132.235095,388.640013,H,14037299,132.24092,388.63486,J,1,129684453
42959922,132.235095,388.640013,H,40815457,132.235095,388.640013,J,1,129684449
39766811,132.252856,388.645792,J,29357488,132.252856,388.645792,G,1,129684440
8074644,132.22765,388.66696,J,39940185,132.20078,388.66013,H,10,129684436
10584918,132.245764,388.642112,J,8166466,132.24267,388.63777,J,1,129509763
39940185,132.20078,388.66013,H,42959922,132.235095,388.640013,H,10,129509755
40706891,132.184321,388.667887,G,39940185,132.20078,388.66013,H,10,129509754
42959922,132.235095,388.640013,H,29357488,132.252856,388.645792,G,1,129509753
32069177,132.236387,388.680151,H,40706891,132.184321,388.667887,G,1,129485345
1590587,132.252856,388.645792,H,42879585,132.259561,388.643561,J,1,129390122
3551524,132.18407,388.56274,H,19510779,132.126107,388.589035,J,1,129240150
3551524,132.18407,388.56274,H,19940303,132.065672,388.557841,J,1,129240149
3551524,132.18407,388.56274,H,3432456,132.15738,388.54984,J,1,129240147
19714519,132.076007,388.547946,J,1587557,132.13245,388.62555,H,1,129240137
4609512,132.110791,388.540853,J,3768411,132.10314,388.566601,J,1,129169298
2830456,132.30289,388.53989,J,1847757,132.280931,388.574381,J,1,129169294
5712531,132.186656,388.55887,J,3551524,132.18407,388.56274,H,1,129156228
29357488,132.252856,388.645792,G,38438330,132.24388,388.64125,J,1,128981245
42294471,132.206651,388.62322,H,21026441,132.224616,388.629947,J,1,128981240
42294471,132.206651,388.62322,H,20611328,132.225351,388.635551,J,1,128981238
2062478,132.229814,388.548116,H,39180414,132.232309,388.553131,J,1,128981230
2062478,132.229814,388.548116,H,20464645,132.234551,388.538348,J,1,128956789
2062478,132.229814,388.548116,H,20657477,132.231922,388.537269,J,1,128956788
2062478,132.229814,388.548116,H,29357488,132.252856,388.645792,G,1,128956785
2062478,132.229814,388.548116,H,3551524,132.18407,388.56274,H,1,128956784
1587557,132.13245,388.62555,H,3551524,132.18407,388.56274,H,1,128956783
1587557,132.13245,388.62555,H,40706891,132.184321,388.667887,G,1,128956782
42294471,132.206651,388.62322,H,3551427,132.223904,388.591064,H,10,128956781
25604453,132.273261,388.599589,H,3551427,132.223904,388.591064,H,10,128956780
25604453,132.273261,388.599589,H,29357488,132.252856,388.645792,G,1,128956779
42294471,132.206651,388.62322,H,40706891,132.184321,388.667887,G,1,128956778
8167582,132.223231,388.663322,J,40706891,132.184321,388.667887,G,1,128851597
40706891,132.184321,388.667887,G,23365884,132.225361,388.659591,J,1,128851595
8403030,132.20078,388.66013,J,40706891,132.184321,388.667887,G,1,128851591
8403030,132.20078,388.66013,J,40706891,132.184321,388.667887,G,1,128851590
34432709,132.261451,388.666204,J,39848747,132.266962,388.658861,H,10,128751500
29270393,132.303708,388.667129,J,39848747,132.266962,388.658861,H,10,128751495
39848747,132.266962,388.658861,H,11654508,132.263984,388.662035,J,1,128677587
29357488,132.252856,388.645792,G,40706891,132.184321,388.667887,G,1,128580953
29357488,132.252856,388.645792,G,1590587,132.252856,388.645792,H,10,128580952
29357488,132.252856,388.645792,G,40706891,132.184321,388.667887,G,1,128580951
29357488,132.252856,388.645792,G,1590587,132.252856,388.645792,H,10,128580950
29357488,132.252856,388.645792,G,1590587,132.252856,388.645792,H,10,128577769
29357488,132.252856,388.645792,G,1590587,132.252856,388.645792,H,10,128577768
40706891,132.184321,388.667887,G,1589609,132.252856,388.645792,H,10,128577767
40706891,132.184321,388.667887,G,1589609,132.252856,388.645792,H,10,128577766
40706891,132.184321,388.667887,G,1589609,132.252856,388.645792,H,10,128577765
40706891,132.184321,388.667887,G,1589609,132.252856,388.645792,H,10,128577764
39848747,132.266962,388.658861,H,29357488,132.252856,388.645792,G,1,128577753
20601748,132.253867,388.616204,J,24985220,132.249448,388.614345,J,1,128399999
1589609,132.252856,388.645792,H,15326836,132.243471,388.650111,J,1,128183525
1846494,132.260458,388.658986,J,1589609,132.252856,388.645792,H,10,128183521
42333389,132.209774,388.555372,J,3551524,132.18407,388.56274,H,1,128183516
25896356,132.225251,388.553621,J,42333389,132.209774,388.555372,J,1,128183515
5560971,132.25361,388.64329,J,1589609,132.252856,388.645792,H,10,128183464
7619906,132.252051,388.648551,J,1589609,132.252856,388.645792,H,10,128183462
1588764,132.25178,388.64933,J,41934057,132.24568,388.64954,J,1,127255989
1847033,132.24131,388.64941,J,41934057,132.24568,388.64954,J,1,127255982
14037299,132.24092,388.63486,J,41857015,132.24223,388.63835,J,1,127078594
15757541,132.240741,388.637911,J,41857015,132.24223,388.63835,J,1,127078593
11683976,132.23101,388.64525,J,41817511,132.229011,388.641634,J,1,126980728
3029011,132.230284,388.640528,J,41817511,132.229011,388.641634,J,1,126980727
29270393,132.303708,388.667129,J,31828002,132.306991,388.657111,J,1,126883258
41741191,132.246672,388.659358,J,19867677,132.246297,388.656424,J,1,126800885
41741191,132.246672,388.659358,J,8172004,132.24433,388.65953,J,1,126800884
29691368,132.261011,388.673562,J,41342540,132.261011,388.673062,J,1,125683419
41152842,132.128903,388.628834,J,8074648,132.13029,388.62941,J,0.1,125041815
40815457,132.235095,388.640013,J,7637709,132.244035,388.638676,J,1,124505202
20640038,132.193892,388.642834,J,40815459,132.20078,388.66013,J,1,124505194
29691369,132.229992,388.673339,J,23059754,132.23498,388.67413,J,1,123863939
5322887,132.20923,388.53185,J,40454005,132.203257,388.541204,J,1,123863400
23059754,132.23498,388.67413,J,32069177,132.236387,388.680151,H,1,122731462
35799621,132.266064,388.681625,J,39766807,132.264868,388.682849,J,1,122554723
13804176,132.252856,388.645792,J,39766811,132.252856,388.645792,J,1,122554714
29357675,132.236628,388.652175,J,8166463,132.23141,388.66159,J,1,122299083
25896356,132.225251,388.553621,J,39180414,132.232309,388.553131,J,1,121829323
30768420,132.054861,388.529121,J,5290029,132.07159,388.53455,J,1,121692843
3835854,132.069668,388.541799,J,1590772,132.086718,388.565823,H,1,121692842
5290029,132.07159,388.53455,J,3835854,132.069668,388.541799,J,1,121692841
37094665,132.237025,388.635165,J,38438330,132.24388,388.64125,J,1,121205683
37094665,132.237025,388.635165,J,38538372,132.227851,388.636261,J,1,121205682
15348201,132.232944,388.635384,J,38584533,132.23601,388.63657,J,1,120982756
38584530,132.25602,388.64546,J,1590587,132.252856,388.645792,H,10,120982753
2101902,132.258323,388.644986,J,38584530,132.25602,388.64546,J,1,120982750
38538372,132.227851,388.636261,J,20611328,132.225351,388.635551,J,1,120910425
29753433,132.23932,388.660133,J,38538373,132.240316,388.661312,J,1,120910416
38438330,132.24388,388.64125,J,20611328,132.225351,388.635551,J,1,120729452
21026441,132.224616,388.629947,J,38373886,132.21943,388.62702,J,1,120665267
10568661,132.243651,388.671251,J,32069177,132.236387,388.680151,H,1,120508706
10568661,132.243651,388.671251,J,38026542,132.243651,388.671251,J,1,120508704
8320468,132.33123,388.68646,J,35319220,132.328383,388.680933,J,1,119806619
35319220,132.328383,388.680933,J,31828002,132.306991,388.657111,J,1,119806617
37411378,132.20798,388.67841,J,29042279,132.205429,388.673503,J,1,119411136
7512379,132.236631,388.665441,J,37058338,132.237826,388.667881,J,10,118934680
22855111,132.23199,388.65319,J,37058337,132.23245,388.65657,J,1,118934678
8166463,132.23141,388.66159,J,37058337,132.23245,388.65657,J,1,118934674
1587557,132.13245,388.62555,H,37018463,132.095721,388.615581,J,1,118881640
8166463,132.23141,388.66159,J,32069177,132.236387,388.680151,H,1,117820685
36415923,132.245301,388.564151,J,29807114,132.244756,388.561192,J,1,117820680
36415923,132.245301,388.564151,J,25666591,132.25197,388.59706,J,10,117820676
13989313,132.25103,388.60865,J,35175449,132.251813,388.603406,J,10,117820674
22956211,132.25007,388.62373,J,31884206,132.25041,388.62811,J,1,117820668
3768416,132.24484,388.645103,J,1589818,132.243711,388.642771,J,1,117820651
30953613,132.313161,388.695031,J,25696840,132.31537,388.69014,J,1,117124721
2830393,132.21502,388.54729,J,21363740,132.226873,388.538776,J,1,117049409
36100512,132.259591,388.607211,J,25866151,132.273261,388.599589,J,1,116963965
36100512,132.259591,388.607211,J,22931310,132.25915,388.61031,J,1,116963964
1587557,132.13245,388.62555,H,35833976,132.091281,388.616571,J,1,116659676
3500813,132.06571,388.61078,J,35833976,132.091281,388.616571,J,1,116659675
5135655,132.179472,388.637308,J,35826399,132.182418,388.639225,J,1,116659659
35711469,132.241421,388.56317,J,25866154,132.229814,388.548116,J,10,116402606
35175449,132.251813,388.603406,J,20072788,132.266168,388.598748,J,1,115360924
22855111,132.23199,388.65319,J,23365884,132.225361,388.659591,J,1,114459110
8172006,132.22887,388.65898,J,23365884,132.225361,388.659591,J,1,114459109
8166463,132.23141,388.66159,J,8172006,132.22887,388.65898,J,10,114459104
17336068,132.313451,388.679481,H,32069177,132.236387,388.680151,H,1,113700403
17336068,132.313451,388.679481,H,32069177,132.236387,388.680151,H,1,113700400
31884204,132.23621,388.67141,J,8407734,132.236455,388.670809,J,0.1,113390762
31828004,132.240599,388.673885,J,7609295,132.230294,388.675797,J,1,113315084
4899345,132.29587,388.65179,J,31828002,132.306991,388.657111,J,1,113315075
29413244,132.307686,388.647602,J,31828002,132.306991,388.657111,J,1,113315073
31794564,132.32941,388.68458,J,8320468,132.33123,388.68646,J,1,113263133
30768420,132.054861,388.529121,J,29500448,132.058738,388.509778,J,1,111921932
8374374,132.031981,388.510661,J,30729911,131.992624,388.525638,J,1,111857320
1589765,131.98258,388.52944,H,30729911,131.992624,388.525638,J,1,111857319
29807376,132.230567,388.591051,J,22978666,132.235178,388.591976,J,10,111747693
5322918,132.21521,388.52596,J,30340785,132.234131,388.52021,J,1,111350780
29807376,132.230567,388.591051,J,8198045,132.236501,388.58507,J,1,110890146
8374375,132.049268,388.502688,J,29500448,132.058738,388.509778,J,1,110161187
5290029,132.07159,388.53455,J,29500448,132.058738,388.509778,J,1,110161186
18221418,131.961235,388.591055,J,29413241,131.953814,388.593411,J,1,110161178
29357675,132.236628,388.652175,J,23365884,132.225361,388.659591,J,1,109913187
24694163,132.304018,388.676844,J,29270392,132.308281,388.679191,J,1,109821510
29219451,132.270893,388.669508,J,23733407,132.270681,388.665974,J,1,109771953
14165640,132.247331,388.617131,J,5633616,132.24641,388.61389,J,1,107567424
1587557,132.13245,388.62555,H,26667714,132.131861,388.621471,J,1,105560493
4211351,132.11761,388.61578,J,26667714,132.131861,388.621471,J,1,105560492
26477180,131.984901,388.684756,J,11725576,131.941051,388.693701,J,1,105314372
20464673,132.276231,388.601083,J,25866151,132.273261,388.599589,J,1,103903669
7958245,132.266291,388.604371,J,25866151,132.273261,388.599589,J,1,103903667
25666591,132.25197,388.59706,J,1845532,132.246247,388.603867,J,1,103008687
14879051,132.242757,388.5627,J,24952190,132.24511,388.56896,J,1,102006148
24916386,132.22925,388.64235,J,2101881,132.23199,388.640925,J,1,101961247
1846552,132.27321,388.68837,J,24694163,132.304018,388.676844,J,1,101758085
1848773,132.27582,388.68344,J,24694163,132.304018,388.676844,J,1,101758084
24482522,132.204056,388.643092,J,22574347,132.202431,388.643371,J,1,101567371
1847291,132.228947,388.652818,J,24277235,132.23465,388.65354,J,1,101399572
24277235,132.23465,388.65354,J,14057427,132.239111,388.653761,J,1,101399565
22956208,132.273911,388.660091,J,17820904,132.25909,388.658647,J,1,101367131
24243433,132.24601,388.66371,J,8472088,132.243711,388.667351,J,1,101367101
19560120,132.158045,388.633782,J,1587976,132.13245,388.62555,J,0.1,100874199
8166463,132.23141,388.66159,J,3851108,132.230426,388.672425,J,1,100705343
23733407,132.270681,388.665974,J,22956209,132.280811,388.667451,J,1,100705140
20464673,132.276231,388.601083,J,19336466,132.262741,388.609476,J,1,100433984
3551350,132.196396,388.653264,J,23462857,132.199618,388.652346,J,1,100207235
8198028,132.21814,388.58504,J,23439892,132.223904,388.591064,J,1,100187657
23414886,132.242344,388.553231,J,14879051,132.242757,388.5627,J,1,100134432
11777671,131.82386,388.59134,J,23389882,131.825473,388.602708,J,1,100082029
23389883,132.323789,388.690145,J,5605554,132.324182,388.690582,J,1,100082001
3500811,132.318201,388.67832,J,23389884,132.31978,388.68103,J,1,100081992
8157073,132.32915,388.67683,J,23389884,132.31978,388.68103,J,1,100081991
23365878,131.959028,388.606822,J,19645570,131.962723,388.597231,J,1,100012416
5209091,131.981122,388.64894,J,23365878,131.959028,388.606822,J,1,100012415
